<?xml version="1.0" encoding="UTF-8"?>
<monster name="Dwarf Guard" nameDescription="a dwarf guard" race="blood" experience="165" speed="200" manacost="650">
	<health now="245" max="245"/>
	<look type="70" corpse="6013"/>
	<targetchange interval="5000" chance="8"/>
	<strategy attack="100" defense="0"/>
	<flags>
		<flag summonable="1"/>
		<flag attackable="1"/>
		<flag hostile="1"/>
		<flag illusionable="1"/>
		<flag convinceable="1"/>
		<flag pushable="0"/>
		<flag canpushitems="1"/>
		<flag canpushcreatures="1"/>
		<flag targetdistance="1"/>
		<flag staticattack="90"/>
		<flag runonhealth="0"/>
	</flags>
	<attacks>
		<attack name="melee" interval="2000" skill="30" attack="70"/>
	</attacks>
	<defenses armor="15" defense="22"/>
	<elements>
		<element earthPercent="90"/>
		<element physicalPercent="20"/>
		<element firePercent="-5"/>
		<element deathPercent="-5"/>
	</elements>
	<immunities>
		<immunity invisible="1"/>
	</immunities>
	<voices interval="5000" chance="10">
		<voice sentence="Hail Durin!"/>
	</voices>
	<loot>
		<item id="2148" countmax="30" chance="20000"/><!-- gold coin -->
		<item id="7618" chance="350"/><!-- health potion -->
		<item id="5880" chance="350"/><!-- iron ore -->
		<item id="2643" chance="40000"/><!-- leather boots -->
		<item id="2150" chance="100"/><!-- small amethyst -->
		<item id="2457" chance="1333"/><!-- steel helmet -->
		<item id="2513" chance="5000"/><!-- battle shield -->
		<item id="2417" chance="4000"/><!-- battle hammer -->
		<item id="2787" countmax="3" chance="28500"/><!-- white mushroom -->
		<item id="2483" chance="7500"/><!-- scale armor -->
		<item id="2387" chance="450"/><!-- double axe -->
		<item id="2459" chance="250"/><!-- iron helmet -->
		<item id="2208" chance="100"/><!-- axe ring -->
	</loot>
</monster>
