<?xml version="1.0" encoding="UTF-8"?>
<monster name="Sacred Spider" nameDescription="a sacred spider" race="venom" experience="330" speed="280" manacost="485">
	<health now="550" max="550"/>
	<look type="219" corpse="6060"/>
	<targetchange interval="5000" chance="8"/>
	<strategy attack="100" defense="0"/>
	<flags>
		<flag summonable="01"/>
		<flag attackable="1"/>
		<flag hostile="1"/>
		<flag illusionable="1"/>
		<flag convinceable="0"/>
		<flag pushable="0"/>
		<flag canpushitems="1"/>
		<flag canpushcreatures="0"/>
		<flag targetdistance="1"/>
		<flag staticattack="90"/>
		<flag runonhealth="0"/>
	</flags>
	<attacks>
		<attack name="melee" interval="2000" skill="30" attack="45" poison="2"/>
		<attack name="poisonfield" interval="1000" chance="20" range="1">
			<attribute key="shootEffect" value="poison"/>
			<attribute key="areaEffect" value="poff"/>
		</attack>
	</attacks>
	<defenses armor="15" defense="17">
		<defense name="speed" interval="1000" chance="13" speedchange="334" duration="5000">
			<attribute key="areaEffect" value="redshimmer"/>
		</defense>
	</defenses>
	<elements>
		<element energyPercent="10"/>
		<element firePercent="-15"/>
		<element icePercent="-10"/>
	</elements>
	<loot>
		<item id="2148" countmax="100" chance="100000"/><!-- gold coin -->
		<item id="2148" countmax="19" chance="100000"/><!-- gold coin -->
		<item id="8859" chance="25000"/><!-- spider fangs -->
		<item id="2159" countmax="4" chance="7142"/><!-- scarab coin -->
		<item id="2463" chance="4761"/><!-- plate armor -->
		<item id="9971" chance="95"/><!-- gold ingot -->
	</loot>
</monster>
