<?xml version="1.0" encoding="UTF-8"?>
<monster name="Carrion Worm" nameDescription="a carrion worm" race="blood" experience="70" speed="200" manacost="380">
	<health now="145" max="145"/>
	<look type="192" corpse="6069"/>
	<targetchange interval="2000" chance="0"/>
	<strategy attack="100" defense="0"/>
	<flags>
		<flag summonable="0"/>
		<flag attackable="1"/>
		<flag hostile="1"/>
		<flag illusionable="0"/>
		<flag convinceable="1"/>
		<flag pushable="0"/>
		<flag canpushitems="1"/>
		<flag canpushcreatures="0"/>
		<flag targetdistance="1"/>
		<flag staticattack="90"/>
		<flag runonhealth="0"/>
	</flags>
	<attacks>
		<attack name="melee" interval="2000" skill="20" attack="30"/>
	</attacks>
	<defenses armor="8" defense="11"/>
	<elements>
		<element earthPercent="5"/>
		<element energyPercent="5"/>
		<element firePercent="-5"/>
		<element icePercent="-5"/>
	</elements>
	<loot>
		<item id="2148" countmax="45" chance="50000"/><!-- gold coin -->
		<item id="2666" countmax="2" chance="11111"/><!-- meat -->
		<item id="3976" countmax="5" chance="1754"/><!-- worm -->
		<item id="11192" chance="10000"/><!-- 	Carrion Worm Fang -->
	</loot>
</monster>
