<?xml version="1.0" encoding="UTF-8"?>
<monster name="Battlemaster Zunzu" nameDescription="a battlemaster zunzu" race="blood" experience="6500" speed="420" manacost="0">
	<health now="5000" max="5000"/>
	<look type="343" corpse="11281"/>
	<targetchange interval="5000" chance="8"/>
	<strategy attack="100" defense="0"/>
	<flags>
		<flag summonable="0"/>
		<flag attackable="1"/>
		<flag hostile="1"/>
		<flag illusionable="1"/>
		<flag convinceable="0"/>
		<flag pushable="0"/>
		<flag canpushitems="1"/>
		<flag canpushcreatures="0"/>
		<flag targetdistance="1"/>
		<flag staticattack="90"/>
		<flag runonhealth="150"/>
	</flags>
	<attacks>
		<attack name="melee" interval="2000" skill="65" attack="80"/>
		<attack name="earth" interval="2000" chance="25" range="1" radius="1" target="1" min="-115" max="-350">
			<attribute key="areaEffect" value="poison"/>
		</attack>
	</attacks>
	<defenses armor="45" defense="35">
		<defense name="healing" interval="1000" chance="18" min="200" max="400">
			<attribute key="areaEffect" value="blueshimmer"/>
		</defense>
	</defenses>
	<elements>
		<element physicalPercent="15"/>
		<element deathPercent="10"/>
		<element firePercent="25"/>
		<element energyPercent="20"/>
		<element icePercent="15"/>
	</elements>
	<immunities>
		<immunity earth="1"/>
		<immunity invisible="1"/>
	</immunities>
	<loot>
		<item id="2152" countmax="3" chance="26800"/> <!-- gold coin -->
		<item id="11206" chance="100000"/> <!-- red lantern -->
		<item id="11331" chance="100000"/> <!-- zaogun shoulderplates -->
		<item id="11303" chance="3150"/> <!-- zaoan shoes -->
		<item id="11330" chance="11250"/> <!-- zaogun flag -->
		<item id="7588" countmax="2" chance="2875"/> <!-- strong health potion -->
		<item id="5881" chance="800"/> <!-- lizard scale -->
		<item id="7591" countmax="2" chance="2775"/> <!-- great health potion -->
		<item id="11304" chance="2625"/> <!-- zaoan legs -->
		<item id="5876" chance="1825"/> <!-- lizard leather -->
		<item id="11301" chance="1050"/> <!-- zaoan armor -->
	</loot>
</monster>