<?xml version="1.0" encoding="UTF-8"?>
<monster name="Draken Spellweaver" nameDescription="a draken spellweaver" race="blood" experience="2600" speed="240" manacost="0">
	<health now="5000" max="5000"/>
	<look type="340" corpse="11316"/>
	<targetchange interval="5000" chance="8"/>
	<strategy attack="100" defense="0"/>
	<flags>
		<flag summonable="0"/>
		<flag attackable="1"/>
		<flag hostile="1"/>
		<flag illusionable="0"/>
		<flag convinceable="0"/>
		<flag pushable="0"/>
		<flag canpushitems="1"/>
		<flag canpushcreatures="1"/>
		<flag targetdistance="3"/>
		<flag staticattack="90"/>
		<flag runonhealth="0"/>
	</flags>
	<attacks>
		<attack name="melee" interval="2000" skill="70" attack="50"/>
		<attack name="fire" interval="2000" chance="15" range="7" radius="1" target="1" max="-250">
			<attribute key="shootEffect" value="fire"/>
			<attribute key="areaEffect" value="firearea"/>
		</attack>
		<attack name="fire" interval="2000" chance="20" length="4" spread="3" max="-480">
			<attribute key="shootEffect" value="explosion"/>
			<attribute key="areaEffect" value="explosion"/>
		</attack>
		<attack name="energy" interval="2000" chance="13" range="7" target="1" max="-300">
			<attribute key="shootEffect" value="energyball"/>
			<attribute key="areaEffect" value="energy"/>
		</attack>
		<attack name="earth" interval="2000" chance="6" target="0" radius="6" min="-200" max="-380">			<attribute key="areaEffect" value="poff"/>		</attack>	</attacks>
	<defenses armor="25" defense="25">
		<defense name="invisible" interval="2000" chance="10">
			<attribute key="areaEffect" value="redshimmer"/>
		</defense>
	</defenses>
	<elements>
		<element deathPercent="90"/>
		<element holyPercent="-5"/>
		<element energyPercent="-10"/>
		<element icePercent="-10"/>
		<element physicalPercent="-10"/>
	</elements>
	<immunities>
		<immunity fire="1"/>
		<immunity earth="1"/>
		<immunity invisible="1"/>
	</immunities>
	<loot>
		<item id="2152" countmax="5" chance="6600" /><!-- platinum coin -->
		<item id="2148" countmax="100" chance="41300" /><!-- gold coin -->
		<item id="2148" countmax="98" chance="41300" /><!-- gold coin -->
		<item id="2147" countmax="5" chance="1725" /><!-- small ruby -->
		<item id="8871" chance="1450" /><!-- focus cape -->
		<item id="2666" chance="30400" /><!-- meat -->
		<item id="13294" chance="200"/> <!-- harness -->
		<item id="11303" chance="2550" /><!-- zaoan shoes -->
		<item id="2187" chance="2225" /><!-- wand of inferno -->
		<item id="11314" chance="15525" /><!-- weaver's wandtip -->
		<item id="7590" chance="2500" /><!-- great mana potion -->
		<item id="2123" chance="950" /><!-- ring of the sky -->
		<item id="13538" chance="100" /><!-- bamboo leaves -->
	</loot>
</monster>