<?xml version="1.0" encoding="UTF-8"?>
<monster name="Lizard High Guard" nameDescription="a lizard high guard" race="blood" experience="1450" speed="340" manacost="0">
	<health now="1800" max="1800"/>
	<look type="337" corpse="11272"/>
	<targetchange interval="5000" chance="8"/>
	<strategy attack="100" defense="0"/>
	<flags>
		<flag summonable="0"/>
		<flag attackable="1"/>
		<flag hostile="1"/>
		<flag illusionable="1"/>
		<flag convinceable="0"/>
		<flag pushable="0"/>
		<flag canpushitems="1"/>
		<flag canpushcreatures="0"/>
		<flag targetdistance="1"/>
		<flag staticattack="90"/>
		<flag runonhealth="0"/>
	</flags>
	<attacks>
		<attack name="melee" interval="2000" skill="90" attack="50"/>
		<attack name="poison" interval="2000" chance="20" range="1" target="1" min="-60" max="-120">
			<attribute key="shootEffect" value="poison"/>
			<attribute key="areaEffect" value="poison"/>
		</attack>
	</attacks>
	<defenses armor="25" defense="25">
		<defense name="healing" interval="2000" chance="10" min="160" max="200">
			<attribute key="areaEffect" value="blueshimmer"/>
		</defense>
	</defenses>
	<elements>
		<element icePercent="-10"/>
		<element firePercent="45"/>
	</elements>
	<immunities>
		<immunity earth="1"/>
		<immunity invisible="1"/>
	</immunities>
	<voices interval="5000" chance="10">
		<voice sentence="Hizzzzzzz!"/>
		<voice sentence="To armzzzz!"/>
		<voice sentence="Engage zze aggrezzor!"/>
	</voices>
	<loot>
		<item id="2528" chance="1500" /><!-- tower shield -->
		<item id="11332" chance="3550" /><!-- high guard flag -->
		<item id="11303" chance="1275" /><!-- zaoan shoes -->
		<item id="5876" chance="1525" /><!-- lizard leather -->
		<item id="11333" chance="8550" /><!-- high guard shoulderplates -->
		<item id="5881" countmax="3" chance="1475" /><!-- lizard scale -->
		<item id="11325" chance="7525" /><!-- spiked iron ball -->
		<item id="2149" countmax="4" chance="2075" /><!-- small emerald -->
		<item id="7588" chance="12425" /><!-- strong health potion -->
		<item id="11245" chance="5550" /><!-- bunch of ripe rice -->
		<item id="7591" chance="7375" /><!-- great health potion -->
		<item id="2152" countmax="2" chance="4350" /><!-- platinum coin -->
		<item id="2148" countmax="100" chance="33725" /><!-- gold coin -->
		<item id="2148" countmax="100" chance="33725" /><!-- gold coin -->
		<item id="2148" countmax="27" chance="33725" /><!-- gold coin -->
		<item id="11206" chance="1650" /><!-- red lantern -->
	</loot>
</monster>