<?xml version="1.0" encoding="UTF-8"?>
<monster name="Lizard Chosen" nameDescription="a lizard chosen" race="blood" experience="2200" speed="240" manacost="0">
	<health now="3050" max="3050"/>
	<look type="344" corpse="11288"/>
	<targetchange interval="5000" chance="8"/>
	<strategy attack="100" defense="0"/>
	<flags>
		<flag summonable="0"/>
		<flag attackable="1"/>
		<flag hostile="1"/>
		<flag illusionable="1"/>
		<flag convinceable="0"/>
		<flag pushable="0"/>
		<flag canpushitems="1"/>
		<flag canpushcreatures="0"/>
		<flag targetdistance="1"/>
		<flag staticattack="90"/>
		<flag runonhealth="50"/>
	</flags>
	<attacks>
		<attack name="melee" interval="2000" skill="80" attack="80"/>
		<attack name="poisoncondition" interval="2000" chance="10" length="8" spread="3" min="-20" max="-20">
			<attribute key="areaEffect" value="poison"/>
		</attack>
		<attack name="poison" interval="2000" chance="7" target="0" radius="3" min="-190" max="-340">
			<attribute key="areaEffect" value="poison"/>
		</attack>
		<attack name="poison" interval="2000" chance="8" length="8" spread="0" min="-90" max="-180">
			<attribute key="areaEffect" value="poison"/>
		</attack>
	</attacks>
	<defenses armor="25" defense="25">
		<defense name="healing" interval="2000" chance="10" min="75" max="125">
			<attribute key="areaEffect" value="blueshimmer"/>
		</defense>
	</defenses>
	<elements>
		<element firePercent="10"/>
		<element energyPercent="20"/>
		<element icePercent="10"/>
	</elements>
	<immunities>
		<immunity earth="1"/>
		<immunity invisible="1"/>
	</immunities>
	<voices interval="5000" chance="10">
		<voice sentence="Grzzzzzzz!"/>
	</voices>
	<loot>
		<item id="2148" countmax="100" chance="36450" /><!-- gold coin -->
		<item id="2148" countmax="100" chance="36450" /><!-- gold coin -->
		<item id="2148" countmax="32" chance="36450" /><!-- gold coin -->
		<item id="5876" chance="2525" /><!-- lizard leather -->
		<item id="11325" chance="9825" /><!-- spiked iron ball -->
		<item id="12629" chance="3675" /><!-- scale of corruption -->
		<item id="2152" countmax="5" chance="2450" /><!-- platinum coin -->
		<item id="11327" chance="5800" /><!-- cursed shoulder spikes -->
		<item id="7591" countmax="3" chance="5350" /><!-- great health potion -->
		<item id="11303" chance="1225" /><!-- zaoan shoes -->
		<item id="2145" countmax="5" chance="2150" /><!-- small diamond -->
		<item id="11326" chance="3350" /><!-- corrupted flag -->
		<item id="5881" countmax="3" chance="1475" /><!-- lizard scale -->
		<item id="2528" chance="1450" /><!-- tower shield -->
	</loot>
</monster>