<?xml version="1.0" encoding="UTF-8"?>
<monster name="Lizard Zaogun" nameDescription="a lizard zaogun" race="blood" experience="1700" speed="420" manacost="0">
	<health now="2955" max="2955"/>
	<look type="343" corpse="11284"/>
	<targetchange interval="5000" chance="8"/>
	<strategy attack="100" defense="0"/>
	<flags>
		<flag summonable="0"/>
		<flag attackable="1"/>
		<flag hostile="1"/>
		<flag illusionable="1"/>
		<flag convinceable="0"/>
		<flag pushable="0"/>
		<flag canpushitems="1"/>
		<flag canpushcreatures="0"/>
		<flag targetdistance="1"/>
		<flag staticattack="90"/>
		<flag runonhealth="0"/>
	</flags>
	<attacks>
		<attack name="melee" interval="2000" skill="55" attack="80"/>
		<attack name="poison" interval="2000" chance="12" range="7" radius="1" target="1" min="-220" max="-375">
			<attribute key="shootEffect" value="poison"/>
			<attribute key="areaEffect" value="poison"/>
		</attack>
	</attacks>
	<defenses armor="35" defense="35">
		<defense name="healing" interval="2000" chance="10" min="260" max="320">
			<attribute key="areaEffect" value="blueshimmer"/>
		</defense>
	</defenses>
	<elements>
		<element physicalPercent="5"/>
		<element deathPercent="10"/>
		<element firePercent="45"/>
		<element energyPercent="20"/>
		<element icePercent="15"/>
	</elements>
	<immunities>
		<immunity earth="1"/>
		<immunity invisible="1"/>
	</immunities>
	<loot>
		<item id="7591" countmax="3" chance="4775" /><!-- great health potion -->
		<item id="2148" countmax="100" chance="42375" /><!-- gold coin -->
		<item id="2148" countmax="100" chance="42375" /><!-- gold coin -->
		<item id="2148" countmax="89" chance="42375" /><!-- gold coin -->
		<item id="11330" chance="6150" /><!-- zaogun flag -->
		<item id="5881" countmax="3" chance="7475" /><!-- lizard scale -->
		<item id="11303" chance="1500" /><!-- zaoan shoes -->
		<item id="11206" chance="2625" /><!-- red lantern -->
		<item id="2152" countmax="2" chance="4225" /><!-- platinum coin -->
		<item id="2149" countmax="5" chance="2000" /><!-- small emerald -->
		<item id="5876" chance="1375" /><!-- lizard leather -->
		<item id="7588" chance="2550" /><!-- strong health potion -->
		<item id="2528" chance="1425" /><!-- tower shield -->
	</loot>
</monster>