<?xml version="1.0" encoding="UTF-8"?>
<monster name="Lizard Noble" nameDescription="a lizard noble" race="blood" experience="210" speed="200" manacost="0">
	<health now="325" max="325"/>
	<look type="115" corpse="6041"/>
	<targetchange interval="5000" chance="8"/>
	<strategy attack="100" defense="0"/>
	<flags>
		<flag summonable="0"/>
		<flag attackable="1"/>
		<flag hostile="1"/>
		<flag illusionable="1"/>
		<flag convinceable="0"/>
		<flag pushable="1"/>
		<flag canpushitems="1"/>
		<flag canpushcreatures="0"/>
		<flag targetdistance="4"/>
		<flag staticattack="90"/>
		<flag runonhealth="15"/>
	</flags>
	<attacks>
		<attack name="melee" interval="2000" skill="20" attack="20"/>
		<attack name="poisoncondition" interval="2000" chance="12" range="7" min="-20" max="-100">
			<attribute key="shootEffect" value="poison"/>
			<attribute key="areaEffect" value="poison"/>
		</attack>
		<attack name="earth" interval="2000" chance="10" range="5" radius="1" target="1" min="-50" max="-110">
			<attribute key="shootEffect" value="earth"/>
			<attribute key="areaEffect" value="carniphila"/>
		</attack>
	</attacks>
	<defenses armor="17" defense="15">
		<defense name="healing" interval="2000" chance="30" min="50" max="100">
			<attribute key="areaEffect" value="blueshimmer"/>
		</defense>
		<defense name="invisible" interval="2000" chance="12">
			<attribute key="areaEffect" value="blueshimmer"/>											
		</defense>	
	</defenses>
	<elements>
		<element earthPercent="100"/>
		<element energyPercent="20"/>
		<element icePercent="20"/>
		<element physicalPercent="-10"/>
		<element firePercent="-10"/>
	</elements>
	<immunities>
		<immunity invisible="1"/>
	</immunities>
	<summons maxSummons="6">
		<summon name="cobra" interval="2000" chance="30" max="6"/>
	</summons>
	<voices interval="5000" chance="10">
		<voice sentence="I ssssmell warm blood!"/>
		<voice sentence="Shhhhhhhh"/>
	</voices>
	<loot>
    <item id="2148" countmax="53" chance="33600" /><!-- gold coin -->
    <item id="2817" chance="33300" /><!-- dead snake -->
    <item id="2654" chance="12475" /><!-- cape -->
    <item id="2177" chance="1200" /><!-- life crystal -->
    <item id="5881" chance="1200" /><!-- lizard scale -->
    <item id="2181" chance="1775" /><!-- terra rod -->
    <item id="2150" chance="1075" /><!-- small amethyst -->
    <item id="1987" chance="100000"><!-- bag -->
        <inside>
            <item id="5876" chance="2200" /><!-- lizard leather -->
            <item id="2168" chance="800" /><!-- life ring -->
            <item id="3971" chance="650" /><!-- charmer's tiara -->
            <item id="7620" chance="275" /><!-- mana potion -->
            <item id="2182" chance="650" /><!-- snakebite rod -->
        </inside>
    </item>
</loot>















</monster>
