<?xml version="1.0" encoding="UTF-8"?>
<monster name="Barbarian Bloodwalker" nameDescription="a barbarian bloodwalker" race="blood" experience="195" speed="205" manacost="590">
	<health now="305" max="305"/>
	<look type="255" head="114" body="132" legs="132" feet="132" corpse="6080"/>
	<targetchange interval="2000" chance="5"/>
	<strategy attack="100" defense="0"/>
	<flags>
		<flag summonable="0"/>
		<flag attackable="1"/>
		<flag hostile="1"/>
		<flag illusionable="1"/>
		<flag convinceable="1"/>
		<flag pushable="0"/>
		<flag canpushitems="1"/>
		<flag staticattack="80"/>
		<flag lightlevel="0"/>
		<flag lightcolor="0"/>
		<flag targetdistance="1"/>
		<flag runonhealth="0"/>
	</flags>
	<attacks>
		<attack name="melee" interval="2000" skill="40" attack="80"/>
	</attacks>
	<defenses armor="15" defense="15">
		<defense name="speed" interval="1000" chance="12" speedchange="260" duration="40000">
			<attribute key="areaEffect" value="redshimmer"/>
		</defense>
	</defenses>
	<elements>
		<element physicalPercent="5"/>
		<element holyPercent="20"/>
		<element energyPercent="10"/>
		<element icePercent="50"/>
		<element deathPercent="-7"/>
		<element earthPercent="-5"/>
	</elements>
	<voices interval="2000" chance="20">
		<voice sentence="YAAAHEEE!"/>
		<voice sentence="SLAUGHTER!"/>
		<voice sentence="CARNAGE!"/>
		<voice sentence="You can run but you can't hide"/>
	</voices>
	<loot>
		<item id="2148" countmax="15" chance="20000"/><!-- gold coin -->
		<item id="2671" chance="14250"/><!-- ham -->
		<item id="2044" chance="12500"/><!-- lamp -->
		<item id="2381" chance="10750"/><!-- halberd -->
		<item id="2458" chance="9000"/><!-- chain helmet -->
		<item id="2378" chance="9000"/><!-- battle axe -->
		<item id="2464" chance="5400"/><!-- chain armor -->
		<item id="5911" chance="250"/><!-- red piece of cloth -->
		<item id="7618" chance="2000"/><!-- health potion -->
		<item id="3962" chance="500"/><!-- beastslayer axe -->
		<item id="7457" chance="500"/><!-- fur boots -->
		<item id="7290" chance="300"/><!-- shard -->
	</loot>
</monster>
