<?xml version="1.0" encoding="UTF-8"?>
<monster name="Orc Marauder" nameDescription="a orc marauder" race="blood" experience="220" speed="390" manacost="0">
	<health now="235" max="235"/>
	<look type="342" corpse="11245"/>
	<targetchange interval="5000" chance="8"/>
	<strategy attack="100" defense="0"/>
	<flags>
		<flag summonable="0"/>
		<flag attackable="1"/>
		<flag hostile="1"/>
		<flag illusionable="0"/>
		<flag convinceable="490"/>
		<flag pushable="0"/>
		<flag canpushitems="1"/>
		<flag canpushcreatures="1"/>
		<flag targetdistance="1"/>
		<flag staticattack="90"/>
		<flag runonhealth="0"/>
	</flags>
	<attacks>
		<attack name="melee" interval="2000" skill="40" attack="70"/>
		<attack name="physical" interval="2000" chance="50" range="7" min="-0" max="-80">
			<attribute key="shootEffect" value="arrow"/>
		</attack>
	</attacks>
	<defenses armor="20" defense="45">
		<defense name="speed" interval="2000" chance="7" speedchange="350" duration="4000">
			<attribute key="areaEffect" value="redshimmer"/>
		</defense>
	</defenses>
	<elements>
		<element energyPercent="20"/>
		<element holyPercent="10"/>
		<element earthPercent="-10"/>
		<element deathPercent="-10"/>
	</elements>
	<immunities>
		<immunity invisible="1"/>
	</immunities>
	<voices interval="5000" chance="10">
		<voice sentence="Grrrrrr"/>
	</voices>
	<loot>
		<item id="2666" chance="24300"/> <!-- meat -->
		<item id="2148" countmax="89" chance="7225"/> <!-- gold coin -->
		<item id="2456" chance="4625"/> <!-- bow -->
		<item id="2425" chance="1075"/> <!-- obsidian lance -->
		<item id="11324" chance="9475"/> <!-- shaggy tail -->
		<item id="11113" chance="4150"/> <!-- orc tooth -->
	</loot>
</monster>