<?xml version="1.0" encoding="UTF-8"?>
<monster name="Orc Shaman" nameDescription="a orc shaman" race="blood" experience="110" speed="180" manacost="0">
	<health now="115" max="115"/>
	<look type="6" corpse="5978"/>
	<targetchange interval="5000" chance="8"/>
	<strategy attack="100" defense="0"/>
	<flags>
		<flag summonable="0"/>
		<flag attackable="1"/>
		<flag hostile="1"/>
		<flag illusionable="1"/>
		<flag convinceable="0"/>
		<flag pushable="0"/>
		<flag canpushitems="0"/>
		<flag canpushcreatures="0"/>
		<flag targetdistance="4"/>
		<flag staticattack="90"/>
		<flag runonhealth="15"/>
	</flags>
	<attacks>
		<attack name="melee" interval="2000" skill="10" attack="15"/>
		<attack name="energy" interval="1000" chance="13" range="7" min="-20" max="-30">
			<attribute key="shootEffect" value="energy"/>
			<attribute key="areaEffect" value="energy"/>
		</attack>
		<attack name="fire" interval="1000" chance="8" range="7" radius="1" target="1" min="-5" max="-45">
			<attribute key="shootEffect" value="fire"/>
			<attribute key="areaEffect" value="firearea"/>
		</attack>
	</attacks>
	<defenses armor="8" defense="10">
		<defense name="healing" interval="1000" chance="25" min="27" max="43">
			<attribute key="areaEffect" value="blueshimmer"/>
		</defense>
	</defenses>
	<elements>
		<element energyPercent="50"/>
		<element holyPercent="25"/>
		<element earthPercent="-5"/>
		<element deathPercent="-5"/>
	</elements>
	<immunities>
		<immunity invisible="1"/>
	</immunities>
	<voices interval="5000" chance="10">
		<voice sentence="Huumans stinkk!"/>
	</voices>
	<summons maxSummons="4">
		<summon name="Snake" interval="1000" chance="25" max="4"/>
	</summons>
	<loot>
		<item id="2148" countmax="5" chance="61000"/><!-- gold coin -->
		<item id="2686" countmax="2" chance="10000"/><!-- corncob -->
		<item id="2458" chance="9500"/><!-- chain helmet -->
		<item id="2464" chance="8000"/><!-- chain armor -->
		<item id="2389" chance="6350"/><!-- spear -->
		<item id="1958"  chance="3500"/><!-- book -->
		<item id="2188" chance="1500"/><!-- wand of decay -->
		<item id="2401" chance="3000"/><!-- staff -->
	</loot>
</monster>
