<?xml version="1.0" encoding="UTF-8"?>
<monster name="Wyrm" nameDescription="a wyrm" race="blood" experience="1450" speed="300" manacost="0">
	<health now="1825" max="1825"/>
	<look type="291" corpse="8941"/>
	<targetchange interval="60000" chance="0"/>
	<strategy attack="100" defense="0"/>
	<flags>
		<flag summonable="0"/>
		<flag attackable="1"/>
		<flag hostile="1"/>
		<flag illusionable="0"/>
		<flag convinceable="0"/>
		<flag pushable="0"/>
		<flag canpushitems="1"/>
		<flag staticattack="50"/>
		<flag lightlevel="0"/>
		<flag lightcolor="0"/>
		<flag targetdistance="1"/>
		<flag runonhealth="1"/>
	</flags>
	<attacks>
		<attack name="melee" interval="2000" skill="30" attack="110"/>
		<attack name="energy" interval="2000" chance="30" radius="3" min="-100" max="-220">
			<attribute key="areaEffect" value="yellowenergy"/>
		</attack>
		<attack name="energy" interval="2000" chance="30" length="5" spread="3" min="-10" max="-170">
			<attribute key="areaEffect" value="energyarea"/>
		</attack>
		<attack name="energy" interval="2000" chance="40" range="7" min="-100" max="-125">
			<attribute key="shootEffect" value="energy"/>
		</attack>
		<attack name="lifedrain" interval="2000" chance="20" length="4" spread="0" min="-98" max="-145">
			<attribute key="areaEffect" value="poff"/>
		</attack>
	</attacks>
	<defenses armor="30" defense="31">
		<defense name="healing" interval="3000" chance="40" min="125" max="275">
			<attribute key="areaEffect" value="blueshimmer"/>
		</defense>
	</defenses>
	<immunities>
		<immunity energy="1"/>
		<immunity paralyze="1"/>
		<immunity invisible="1"/>
		<immunity lifedragin="1"/>
		<!-- so they won't damage self. also, we cannot test are they really immune
		in Cipbia, as there are no spells nor weapons to attack with life drain -->
	</immunities>
	<voices interval="2000" chance="5">
		<voice sentence="GRRR!"/>
		<voice sentence="GROOOOAAAAAAAAR!"/>
	</voices>
	<loot>
		<item id="2148" countmax="90" chance="30000"/><!-- gold coin -->
		<item id="2148" countmax="80" chance="30000"/><!-- gold coin -->
		<item id="2148" countmax="60" chance="30000"/><!-- gold coin -->
		<item id="2672" countmax="3" chance="15000"/><!-- dragon ham -->
		<item id="2546" countmax="10" chance="4750"/><!-- burst arrow -->
		<item id="7588" chance="4750"/><!-- strong health potion -->
		<item id="2647" chance="1750"/><!-- plate legs -->
		<item id="8921" chance="700"/><!-- wand of draconia -->
		<item id="2145" countmax="3" chance="750"/><!-- small diamonds-->
		<item id="7589" chance="4000"/><!-- strong mana potion -->
		<item id="2455" chance="15000"/><!-- crossbow -->
		<item id="2457" chance="7500"/><!-- steel helmet -->
		<item id="7889" chance="650"/><!-- lightning pendant -->
		<item id="8871" chance="600"/><!-- focus cape -->
		<item id="8920" chance="550"/><!-- wand of starstorm -->
		<item id="8873" chance="750"/><!-- hubiscus dress -->
		<item id="7430" chance="300"/><!-- dragonbone staff -->
		<item id="8855" chance="200"/><!-- composite hornbow -->
	</loot>
</monster>
