<?xml version="1.0" encoding="UTF-8"?>
<monster name="Chakoya Tribewarden" nameDescription="a chakoya tribewarden" race="blood" experience="40" speed="270" manacost="305">
	<health now="68" max="68"/>
	<look type="259" corpse="7320"/>
	<targetchange interval="60000" chance="0"/>
	<strategy attack="100" defense="0"/>
	<flags>
		<flag summonable="0"/>
		<flag attackable="1"/>
		<flag hostile="1"/>
		<flag illusionable="0"/>
		<flag convinceable="1"/>
		<flag pushable="0"/>
		<flag canpushitems="1"/>
		<flag staticattack="50"/>
		<flag lightlevel="0"/>
		<flag lightcolor="0"/>
		<flag targetdistance="1"/>
		<flag runonhealth="0"/>
	</flags>
	<attacks>
		<attack name="melee" interval="2000" skill="20" attack="20"/>
	</attacks>
	<defenses armor="30" defense="30"/>
	<elements>
		<element icePercent="100"/>
		<element firePercent="25"/>
		<element holyPercent="10"/>
		<element energyPercent="-15"/>
		<element deathPercent="-5"/>
	</elements>
	<voices interval="2000" chance="5">
		<voice sentence="Quisavu tukavi!"/>
		<voice sentence="Si siyoqua jamjam!"/>
		<voice sentence="Achuq! jinuma!"/>
		<voice sentence="Si ji jusipa!"/>
	</voices>
	<loot>
		<item id="2148" countmax="30" chance="20000"/><!-- gold coin -->
		<item id="2666" chance="20000"/><!-- meat -->
		<item id="2671" chance="20000"/><!-- ham -->
		<item id="2667" countmax="3" chance="10000"/><!-- fish -->
		<item id="2398" chance="9000"/><!-- mace-->
		<item id="2541" chance="2500"/><!-- bone shield -->
		<item id="7381" chance="1750"/><!-- mammoth whopper -->
		<item id="7441" chance="1000"/><!-- ice cube -->
		<item id="7158" chance="900"/><!-- rainbow trout -->
		<item id="7159" chance="700"/><!-- green perch -->
		<item id="2669" chance="750"/><!-- northern pike -->
	</loot>
</monster>