<?xml version="1.0" encoding="UTF-8"?>
<monster name="Witch" nameDescription="a witch" race="blood" experience="120" speed="180" manacost="0">
	<health now="300" max="300"/>
	<look type="54" corpse="6081"/>
	<targetchange interval="5000" chance="8"/>
	<strategy attack="100" defense="0"/>
	<flags>
		<flag summonable="0"/>
		<flag attackable="1"/>
		<flag hostile="1"/>
		<flag illusionable="1"/>
		<flag convinceable="0"/>
		<flag pushable="0"/>
		<flag canpushitems="1"/>
		<flag canpushcreatures="0"/>
		<flag targetdistance="4"/>
		<flag staticattack="90"/>
		<flag runonhealth="30"/>
	</flags>
	<attacks>
		<attack name="melee" interval="2000" skill="10" attack="20"/>
		<attack name="fire" interval="1000" chance="20" range="7" min="-30" max="-75">
			<attribute key="shootEffect" value="fire"/>
		</attack>
		<attack name="firefield" interval="1000" chance="13" range="7" radius="1" target="1">
			<attribute key="shootEffect" value="fire"/>
		</attack>
	</attacks>
	<defenses armor="8" defense="12"/>
	<elements>
		<element energyPercent="100"/>
		<element earthPercent="30"/>
		<element deathPercent="-5"/>
		<element physicalPercent="-14"/>
	</elements>
	<immunities>
		<immunity invisible="1"/>
	</immunities>
	<voices interval="5000" chance="10">
		<voice sentence="Horax pokti! Hihihihi!"/>
		<voice sentence="Herba budinia ex!"/>
	</voices>
	<loot>
		<item id="2148" countmax="10" chance="13000"/><!-- gold coin -->
		<item id="2687" countmax="8" chance="15750"/><!-- cookie -->
		<item id="2643" chance="67000"/><!-- leather boots -->
		<item id="2696" chance="58750"/><!-- cheese -->
		<item id="2405" chance="52500"/><!-- sickle -->
		<item id="2654" chance="48500"/><!-- cape -->
		<item id="2324" chance="29000"/><!-- broom -->
		<item id="2651" chance="19500"/><!-- coat -->
		<item id="2129" chance="15500"/><!-- wolf tooth chain -->
		<item id="2800" chance="10500"/><!-- star herb-->
		<item id="2199" chance="1000"/><!-- garlic necklace -->
		<item id="2402" chance="2000"/><!-- silver dagger -->
		<item id="2185" chance="1000"/><!-- necrotic rod -->
		<item id="2801" chance="300"/><!-- fern -->
	</loot>
</monster>
