<?xml version="1.0" encoding="UTF-8"?>
<monster name="Blood Crab" nameDescription="a blood crab" race="blood" experience="180" speed="210" manacost="505">
	<health now="320" max="320"/>
	<look type="200" corpse="6075"/>
	<targetchange interval="5000" chance="8"/>
	<strategy attack="100" defense="0"/>
	<flags>
		<flag summonable="1"/>
		<flag attackable="1"/>
		<flag hostile="1"/>
		<flag illusionable="0"/>
		<flag convinceable="0"/>
		<flag pushable="0"/>
		<flag canpushitems="1"/>
		<flag canpushcreatures="0"/>
		<flag staticattack="90"/>
		<flag targetdistance="1"/>
		<flag runonhealth="0"/>
	</flags>
	<attacks>
		<attack name="melee" interval="2000" min="-0" max="-85"/>
	</attacks>
	<defenses armor="10" defense="15"/>
	<elements>
		<element icePercent="100"/>
		<element earthPercent="100"/>
		<element downPercent="100"/>
		<element physicalPercent="20"/>
		<element firePercent="-10"/>
		<element energyPercent="-5"/>
	</elements>
	<loot>
		<item id="2148" countmax="20" chance="100000"/><!-- gold coin -->
		<item id="10550" chance="50000"/><!-- bloody pincers -->
	</loot>
</monster>
