<?xml version="1.0" encoding="UTF-8"?>
<monster name="Minotaur Archer" nameDescription="a minotaur archer" race="blood" experience="65" speed="170" manacost="390">
	<health now="100" max="100"/>
	<look type="24" corpse="5982"/>
	<targetchange interval="5000" chance="8"/>
	<strategy attack="100" defense="0"/>
	<flags>
		<flag summonable="1"/>
		<flag attackable="1"/>
		<flag hostile="1"/>
		<flag illusionable="1"/>
		<flag convinceable="1"/>
		<flag pushable="0"/>
		<flag canpushitems="0"/>
		<flag canpushcreatures="0"/>
		<flag targetdistance="4"/>
		<flag staticattack="90"/>
		<flag runonhealth="10"/>
	</flags>
	<attacks>
		<attack name="melee" interval="2000" skill="10" attack="25"/>
		<attack name="physical" interval="1000" chance="34" range="7" min="-45" max="-85">
			<attribute key="shootEffect" value="bolt"/>
		</attack>
	</attacks>
	<defenses armor="7" defense="8"/>
	<elements>
		<element firePercent="20"/>
		<element holyPercent="10"/>
		<element icePercent="-10"/>
		<element deathPercent="-5"/>
	</elements>
	<voices interval="5000" chance="10">
		<voice sentence="Ruan Wihmpy!"/>
		<voice sentence="Kaplar!"/>
	</voices>
	<loot>
		<item id="2148" countmax="28" chance="18000"/><!-- gold coin -->
		<item id="2543" countmax="23" chance="26500"/><!-- bolt -->
		<item id="7363" countmax="4" chance="10000"/><!-- piercing bolt -->
		<item id="2458" chance="5000"/><!-- chain helmet -->
		<item id="2455" chance="9500"/><!-- crossbow -->
		<item id="2666" chance="9500"/><!-- meat -->
		<item id="2649" chance="5500"/><!-- leather legs -->
		<item id="2465" chance="2750"/><!--  brass armor-->
		<item id="5878" chance="2000"/><!-- minotaur leather -->
		<item id="2481" chance="700"/><!-- soldier helmet -->
		<item id="2483" chance="500"/><!-- scale armor -->
		<item id="2464" chance="7000"/><!-- chain armor -->
		<item id="2648" chance="7500"/><!-- chain legs -->
		<item id="2513" chance="300"/><!-- battle shield -->
	</loot>
</monster>
