<?xml version="1.0" encoding="UTF-8"?>
<monsters>
	<!-- Amazons -->
	<monster name="Amazon" file="Amazons/amazon.xml"/>
	<monster name="Valkyrie" file="Amazons/valkyrie.xml"/>
	<monster name="Witch" file="Amazons/witch.xml"/>

	<!-- Annelids -->
	<monster name="Carrion Worm" file="Annelids/carrion worm.xml"/>
	<monster name="Rotworm" file="Annelids/rotworm.xml"/>
	<monster name="Rift Worm" file="Annelids/rift worm.xml"/>

	<!-- Apes -->
	<monster name="Kongra" file="Apes/kongra.xml"/>
	<monster name="Merlkin" file="Apes/merlkin.xml"/>
	<monster name="Sibang" file="Apes/sibang.xml"/>
	<monster name="Yeti" file="Apes/yeti.xml"/>

	<!-- Arachnids -->
	<monster name="Crystal Spider" file="Arachnids/crystal spider.xml"/>
	<monster name="Giant Spider" file="Arachnids/giant spider.xml"/>
	<monster name="Giant Spider Wyda" file="Arachnids/giant spider wyda.xml"/>
	<monster name="Poison Spider" file="Arachnids/poison spider.xml"/>
	<monster name="Sacred Spider" file="Arachnids/sacred spider.xml"/>
	<monster name="Scorpion" file="Arachnids/scorpion.xml"/>
	<monster name="Spider" file="Arachnids/spider.xml"/>
	<monster name="Tarantula" file="Arachnids/tarantula.xml"/>
	<monster name="Wailing Widow" file="Arachnids/wailing widow.xml"/>

	<!-- Arena -->
		<!-- Greenhorn -->
	<monster name="Achad" file="Arena/greenhorn/achad.xml"/>
	<monster name="Axeitus Headbanger" file="Arena/greenhorn/axeitus headbanger.xml"/>
	<monster name="Bloodpaw" file="Arena/greenhorn/bloodpaw.xml"/>
	<monster name="Bovinus" file="Arena/greenhorn/bovinus.xml"/>
	<monster name="Colerian The Barbarian" file="Arena/greenhorn/colerian the barbarian.xml"/>
	<monster name="Cursed Gladiator" file="Arena/greenhorn/cursed gladiator.xml"/>
	<monster name="Frostfur" file="Arena/greenhorn/frostfur.xml"/>
	<monster name="Orcus the Cruel" file="Arena/greenhorn/orcus the cruel.xml"/>
	<monster name="Rocky" file="Arena/greenhorn/rocky.xml"/>
	<monster name="The Hairy One" file="Arena/greenhorn/the hairy one.xml"/>

		<!-- Scrapper -->
	<monster name="Avalanche" file="Arena/scrapper/avalanche.xml"/>
	<monster name="Drasilla" file="Arena/scrapper/drasilla.xml"/>
	<monster name="Grimgor Guteater" file="Arena/scrapper/grimgor guteater.xml"/>
	<monster name="Kreebosh the Exile" file="Arena/scrapper/kreebosh the exile.xml"/>
	<monster name="Slim" file="Arena/scrapper/slim.xml"/>
	<monster name="Spirit of Earth" file="Arena/scrapper/spirit of earth.xml"/>
	<monster name="Spirit of Fire" file="Arena/scrapper/spirit of fire.xml"/>
	<monster name="Spirit of Water" file="Arena/scrapper/spirit of water.xml"/>
	<monster name="The Dark Dancer" file="Arena/scrapper/the dark dancer.xml"/>
	<monster name="The Hag" file="Arena/scrapper/the hag.xml"/>

		<!-- Warlord -->
	<monster name="Darakan the Executioner" file="Arena/warlord/darakan the executioner.xml"/>
	<monster name="Deathbringer" file="Arena/warlord/deathbringer.xml"/>
	<monster name="Fallen Mooh'tah Master Ghar" file="Arena/warlord/fallen mooh'tah master ghar.xml"/>
	<monster name="Gnorre Chyllson" file="Arena/warlord/gnorre chyllson.xml"/>
	<monster name="Norgle Glacierbeard" file="Arena/warlord/norgle glacierbeard.xml"/>
	<monster name="Svoren the Mad" file="Arena/warlord/svoren the mad.xml"/>
	<monster name="The Masked Marauder" file="Arena/warlord/the masked marauder.xml"/>
	<monster name="The Obliverator" file="Arena/warlord/the obliverator.xml"/>
	<monster name="The Pit Lord" file="Arena/warlord/the pit lord.xml"/>
	<monster name="Webster" file="Arena/warlord/webster.xml"/>

	<!-- Barbarians -->
	<monster name="Barbarian Bloodwalker" file="Barbarians/barbarian bloodwalker.xml"/>
	<monster name="Barbarian Brutetamer" file="Barbarians/barbarian brutetamer.xml"/>
	<monster name="Barbarian Headsplitter" file="Barbarians/barbarian headsplitter.xml"/>
	<monster name="Barbarian Skullhunter" file="Barbarians/barbarian skullhunter.xml"/>

	<!-- Bears -->
	<monster name="Bear" file="Bears/bear.xml"/>
	<monster name="Panda" file="Bears/panda.xml"/>
	<monster name="Polar Bear" file="Bears/polar bear.xml"/>

	<!-- Bio-Elementals -->
	<monster name="Bog Raider" file="Bio-Elementals/bog raider.xml"/>
	<monster name="Carniphila" file="Bio-Elementals/carniphila.xml"/>
	<monster name="Defiler" file="Bio-Elementals/defiler.xml"/>
	<monster name="Haunted Treeling" file="Bio-Elementals/haunted treeling.xml"/>
	<monster name="Son of Verminor" file="Bio-Elementals/son of verminor.xml"/>
	<monster name="Spit Nettle" file="Bio-Elementals/spit nettle.xml"/>

	<!-- Birds -->
	<monster name="Berserker Chicken" file="Birds/berserker chicken.xml"/>
	<monster name="Chicken" file="Birds/chicken.xml"/>
	<monster name="Demon Parrot" file="Birds/demon parrot.xml"/>
	<monster name="Dire Penguin" file="Birds/dire penguin.xml"/>
	<monster name="Flamingo" file="Birds/flamingo.xml"/>
	<monster name="Parrot" file="Birds/parrot.xml"/>
	<monster name="Penguin" file="Birds/penguin.xml"/>
	<monster name="Seagull" file="Birds/seagull.xml"/>
	<monster name="Terror Bird" file="Birds/terror bird.xml"/>

	<!-- Blobs -->
	<monster name="Acid Blob" file="Blobs/acid blob.xml"/>
	<monster name="Death Blob" file="Blobs/death blob.xml"/>
	<monster name="Mercury Blob" file="Blobs/mercury blob.xml"/>
	<monster name="Slime" file="Blobs/slime.xml"/>
	<monster name="Slime Summon" file="Blobs/slime summon.xml"/>
	
	<!-- Bonelords -->
	<monster name="Bonelord" file="Bonelords/bonelord.xml"/>
	<monster name="Braindeath" file="Bonelords/braindeath.xml"/>
	<monster name="Elder Beholder" file="Bonelords/elder bonelord.xml"/>
	<monster name="Gazer" file="Bonelords/gazer.xml"/>
	<monster name="Beholder" file="Bonelords/bonelord.xml"/>
	<monster name="Elder Bonelord" file="Bonelords/elder bonelord.xml"/>
	<monster name="Eye of the Seven" file="Bonelords/eye of the seven.xml"/>

	<!-- Bosses -->
	<monster name="Yakchal" file="Bosses/yakchal.xml"/>
	<monster name="Arachir the Ancient One" file="Bosses/Arachir the Ancient One.xml"/>
	<monster name="Barbaria" file="Bosses/barbaria.xml"/>
	<monster name="Zevelon Duskbringer" file="Bosses/Zevelon Duskbringer.xml"/>
	<monster name="Diblis the Fair" file="Bosses/Diblis the Fair.xml"/>
	<monster name="Sir Valorcrest" file="Bosses/Sir Valorcrest.xml"/>
	<monster name="Yaga The Crone" file="Bosses/Yaga The Crone.xml"/>
	<monster name="Rottie the Rotworm" file="Bosses/Rottie the Rotworm.xml"/>
	<monster name="Freegoiz" file="Bosses/Freegoiz.xml"/>
	<monster name="Verminor" file="Bosses/Verminor.xml"/>
	<monster name="Infernatil" file="Bosses/Infernatil.xml"/>
	<monster name="Inky" file="Bosses/inky.xml"/>
	<monster name="Bazir" file="Bosses/Bazir.xml"/>
	<monster name="Apocalypse" file="Bosses/Apocalypse.xml"/>
	<monster name="Zoralurk" file="Bosses/Zoralurk.xml"/>
	<monster name="Doomhowl" file="Bosses/Doomhowl.xml"/>
	<monster name="Coldheart" file="Bosses/Coldheart.xml"/>
	<monster name="Kraknaknork Demon" file="Bosses/Kraknaknork Demon.xml"/>
	<monster name="The Dreadorian" file="Bosses/the dreadorian.xml"/>
	<monster name="Annihilon" file="Bosses/annihilon.xml"/>
	<monster name="Apprentice Sheng" file="Bosses/apprentice sheng.xml"/>
	<monster name="Big Boss Trolliver" file="Bosses/big boss trolliver.xml"/>
	<monster name="Boogey" file="Bosses/boogey.xml"/>
	<monster name="Bones" file="Bosses/bones.xml"/>
	<monster name="Energy Overlord" file="Bosses/energy overlord.xml"/>
	<monster name="Evil Mastermind" file="Bosses/evil mastermind.xml"/>
	<monster name="Brutus Bloodbeard" file="Bosses/brutus bloodbeard.xml"/>
	<monster name="Lethal Lissy" file="Bosses/lethal lissy.xml"/>
	<monster name="Countess Sorrow" file="Bosses/countess sorrow.xml"/>
	<monster name="Deadeye Devious" file="Bosses/deadeye devious.xml"/>
	<monster name="Demodras" file="Bosses/demodras.xml"/>
	<monster name="Earth Overlord" file="Bosses/earth overlord.xml"/>
	<monster name="Koshei The Deathless" file="Bosses/koshei the deathless.xml"/>
	<monster name="Dharalion" file="Bosses/dharalion.xml"/>
	<monster name="Dirtbeard" file="Bosses/dirtbeard.xml"/>
	<monster name="Dracola" file="Bosses/dracola.xml"/>
	<monster name="Fernfang" file="Bosses/fernfang.xml"/>
	<monster name="Ferumbras" file="Bosses/ferumbras.xml"/>
	<monster name="Fire Overlord" file="Bosses/fire overlord.xml"/>
	<monster name="Fluffy" file="Bosses/fluffy.xml"/>
	<monster name="Foreman Kneebiter" file="Bosses/foreman kneebiter.xml"/>
	<monster name="General Murius" file="Bosses/general murius.xml"/>
	<monster name="Ghazbaran" file="Bosses/ghazbaran.xml"/>
	<monster name="Golgordan" file="Bosses/golgordan.xml"/>
	<monster name="Grorlam" file="Bosses/grorlam.xml"/>
	<monster name="Hairman the Huge" file="Bosses/hairman the huge.xml"/>
	<monster name="Hellgorak" file="Bosses/hellgorak.xml"/>
	<monster name="Ice Overlord" file="Bosses/ice overlord.xml"/>
	<monster name="Latrivan" file="Bosses/latrivan.xml"/>
	<monster name="Leviathan" file="Bosses/leviathan.xml"/>
	<monster name="Lord of the Elements" file="Bosses/lord of the elements.xml"/>
	<monster name="Mad Technomancer" file="Bosses/mad technomancer.xml"/>
	<monster name="Madareth" file="Bosses/madareth.xml"/>
	<monster name="Man In The Cave" file="Bosses/man in the cave.xml"/>
	<monster name="Massacre" file="Bosses/massacre.xml"/>
	<monster name="Mephiles" file="Bosses/mephiles.xml"/>
	<monster name="Minishabaal" file="Bosses/minishabaal.xml"/>
	<monster name="Monstor" file="Bosses/monstor.xml"/>
	<monster name="Morgaroth" file="Bosses/morgaroth.xml"/>
	<monster name="Mr. Punish" file="Bosses/mr. punish.xml"/>
	<monster name="Munster" file="Bosses/munster.xml"/>
	<monster name="Necropharus" file="Bosses/necropharus.xml"/>
	<monster name="Ron the Ripper" file="Bosses/ron the ripper.xml"/>
	<monster name="Rotworm Queen" file="Bosses/rotworm queen.xml"/>
	<monster name="The Noxious Spawn" file="Bosses/the noxious spawn.xml"/>
	<monster name="The Abomination" file="Bosses/the abomination.xml"/>
	<monster name="The Count" file="Bosses/the count.xml"/>
	<monster name="The Evil Eye" file="Bosses/the evil eye.xml"/>
	<monster name="The Frog Prince" file="Bosses/the frog prince.xml"/>
	<monster name="The Handmaiden" file="Bosses/the handmaiden.xml"/>
	<monster name="The Horned Fox" file="Bosses/the horned fox.xml"/>
	<monster name="The Imperor" file="Bosses/the imperor.xml"/>
	<monster name="Tibia Bug" file="Bosses/tibia bug.xml"/>
	<monster name="The Old Widow" file="Bosses/the old widow.xml"/>
	<monster name="Thul" file="Bosses/thul.xml"/>
	<monster name="Tiquandas Revenge" file="Bosses/tiquandas revenge.xml"/>
	<monster name="Ushuriel" file="Bosses/ushuriel.xml"/>
	<monster name="Xenia" file="Bosses/xenia.xml"/>
	<monster name="Zugurosh" file="Bosses/zugurosh.xml"/>
	<monster name="Pythius The Rotten" file="Bosses/pythius the rotten.xml"/> 
	<monster name="Ungreez" file="Bosses/ungreez.xml"/>
	<monster name="Warlord Ruzad" file="Bosses/warlord ruzad.xml"/>
	<monster name="Chizzoron the Distorter" file="Bosses/chizzoron the distorter.xml"/>
	<monster name="Baron Brute" file="Bosses/baron brute.xml"/>
	<monster name="Dreadwing" file="Bosses/dreadwing.xml"/>
	<monster name="Fatality" file="Bosses/fatality.xml"/>
	<monster name="Esmeralda" file="Bosses/esmeralda.xml"/>
	<monster name="Hide" file="Bosses/hide.xml"/>
	<monster name="Shardhead" file="Bosses/shardhead.xml"/>
	<monster name="Sharptooth" file="Bosses/sharptooth.xml"/>
	<monster name="Stonecracker" file="Bosses/stonecracker.xml"/>
	<monster name="The Bloodtusk" file="Bosses/the bloodtusk.xml"/>
	<monster name="The Bloodweb" file="Bosses/the bloodweb.xml"/>
	<monster name="The Many" file="Bosses/the many.xml"/>
	<monster name="The Snapper" file="Bosses/the snapper.xml"/>
	<monster name="Snake God Essence" file="Bosses/snake god essence.xml"/>
	<monster name="Snake Thing" file="Bosses/snake thing.xml"/>
	<monster name="Spider Queen" file="Bosses/spider queen.xml"/>
	<monster name="Splasher" file="Bosses/splasher.xml"/>
	<monster name="Heoni" file="Bosses/heoni.xml"/>
	<monster name="Glitterscale" file="Bosses/glitterscale.xml"/>
	<monster name="Grand Mother Foulscale" file="Bosses/grand mother foulscale.xml"/>
	<monster name="Groam" file="Bosses/groam.xml"/>
	<monster name="The Blightfather" file="Bosses/the blightfather.xml"/>
	<monster name="Zulazza the Corruptor" file="Bosses/zulazza the corruptor.xml"/>
	<monster name="The Plasmother" file="Bosses/the plasmother.xml"/>

	<!-- Canines -->
	<monster name="Dog" file="Canines/dog.xml"/>
	<monster name="Hellhound" file="Canines/hellhound.xml"/>
	<monster name="Hot Dog" file="Canines/hot dog.xml"/>
	<monster name="Husky" file="Canines/husky.xml"/>
	<monster name="War wolf" file="Canines/war wolf.xml"/>
	<monster name="Werewolf" file="Canines/werewolf.xml"/>
	<monster name="Winter wolf" file="Canines/winter wolf.xml"/>
	<monster name="Wolf" file="Canines/wolf.xml"/>
	<monster name="Gnarlhound" file="Canines/gnarlhound.xml"/>

	<!-- Chakoyas -->
	<monster name="Chakoya Toolshaper" file="Chakoyas/chakoya toolshaper.xml"/>
	<monster name="Chakoya Tribewarden" file="Chakoyas/chakoya tribewarden.xml"/>
	<monster name="Chakoya Windcaller" file="Chakoyas/chakoya windcaller.xml"/>

	<!-- Crustaceans -->
	<monster name="Blood Crab" file="Crustaceans/blood crab.xml"/>
	<monster name="Blood Crab Underwater" file="Crustaceans/blood crab underwater.xml"/>
	<monster name="Crab" file="Crustaceans/crab.xml"/>

	<!-- Cryo-Elementals -->
	<monster name="Ice Golem" file="Cryo-Elementals/ice golem.xml"/>
	
	<!-- Demonlord -->
	<monster name="Orshabaal" file="Demonlord/orshabaal.xml"/>

	<!-- Demons -->
	<monster name="Dark Torturer" file="Demons/dark torturer.xml"/>
	<monster name="Demon" file="Demons/demon.xml"/>
	<monster name="Destroyer" file="Demons/destroyer.xml"/>
	<monster name="Diabolic Imp" file="Demons/diabolic imp.xml"/>
	<monster name="Fire Devil" file="Demons/fire devil.xml"/>
	<monster name="Fury" file="Demons/fury.xml"/>
	<monster name="Gozzler" file="Demons/gozzler.xml"/>
	<monster name="Hand of Cursed Fate" file="Demons/hand of cursed fate.xml"/>
	<monster name="Hellspawn" file="Demons/hellspawn.xml"/>
	<monster name="Juggernaut" file="Demons/juggernaut.xml"/>
	<monster name="Nightmare" file="Demons/nightmare.xml"/>
	<monster name="Nightmare Scion" file="Demons/nightmare scion.xml"/>
	<monster name="Nightstalker" file="Demons/nightstalker.xml"/>
	<monster name="Plaguesmith" file="Demons/plaguesmith.xml"/>
	<monster name="Rift Brood" file="Demons/rift brood.xml"/>
	<monster name="Rift Scythe" file="Demons/rift scythe.xml"/>

	<!-- Djinn -->
	<monster name="Blue Djinn" file="Djinn/blue djinn.xml"/>
	<monster name="Efreet" file="Djinn/efreet.xml"/>
	<monster name="Green Djinn" file="Djinn/green djinn.xml"/>
	<monster name="Marid" file="Djinn/marid.xml"/>

	<!-- Dragons -->
	<monster name="Dragon Lord" file="Dragons/dragon lord.xml"/>
	<monster name="Dragon Lord Hatchling" file="Dragons/dragon lord hatchling.xml"/>
	<monster name="Dragon" file="Dragons/dragon.xml"/>
	<monster name="Dragon Hatchling" file="Dragons/dragon hatchling.xml"/>
	<monster name="Frost Dragon" file="Dragons/frost dragon.xml"/>
	<monster name="Frost Dragon Hatchling" file="Dragons/frost dragon hatchling.xml"/>
	<monster name="Undead Dragon" file="Dragons/undead dragon.xml"/>
	<monster name="Wyrm" file="Dragons/wyrm.xml"/>
	<monster name="Ghastly Dragon" file="Dragons/ghastly dragon.xml"/>

	<!-- Dwarves -->
	<monster name="Dwarf Geomancer" file="Dwarves/dwarf geomancer.xml"/>
	<monster name="Dwarf Guard" file="Dwarves/dwarf guard.xml"/>
	<monster name="Dwarf Soldier" file="Dwarves/dwarf soldier.xml"/>
	<monster name="Dwarf" file="Dwarves/dwarf.xml"/>

	<!-- Dworcs -->
	<monster name="Dworc Fleshhunter" file="Dworcs/dworc fleshhunter.xml"/>
	<monster name="Dworc Venomsniper" file="Dworcs/dworc venomsniper.xml"/>
	<monster name="Dworc Voodoomaster" file="Dworcs/dworc voodoomaster.xml"/>

	<!-- Ungulates -->
	<monster name="Black Sheep" file="Ungulates/black sheep.xml"/>
	<monster name="Deer" file="Ungulates/deer.xml"/>
	<monster name="Doom Deer" file="Ungulates/doom deer.xml"/>
	<monster name="Elephant" file="Ungulates/elephant.xml"/>
	<monster name="Evil Sheep Lord" file="Ungulates/evil sheep lord.xml"/>
	<monster name="Evil Sheep" file="Ungulates/evil sheep.xml"/>
	<monster name="Mammoth" file="Ungulates/mammoth.xml"/>
	<monster name="Pig" file="Ungulates/pig.xml"/>
	<monster name="Sheep" file="Ungulates/sheep.xml"/>
	<monster name="Vampire Pig" file="Ungulates/vampire pig.xml"/>
	
	<!-- Event Creatures -->
	<monster name="Hacker" file="Event Creatures/Hacker.xml"/>

	<!-- Elves -->
	<monster name="Elf Arcanist" file="Elves/elf arcanist.xml"/>
	<monster name="Elf Scout" file="Elves/elf scout.xml"/>
	<monster name="Elf" file="Elves/elf.xml"/>

	<!-- Electro-Elementals -->
	<monster name="Charged Energy Elemental" file="Electro-Elementals/charged energy elemental.xml"/>
	<monster name="Energy Elemental" file="Electro-Elementals/energy elemental.xml"/>
	<monster name="Massive Energy Elemental" file="Electro-Elementals/massive energy elemental.xml"/>
	<monster name="Overcharged Energy Elemental" file="Electro-Elementals/overcharged energy elemental.xml"/>

	<!-- Felines -->
	<monster name="Cat" file="Felines/cat.xml"/>
	<monster name="Lion" file="Felines/lion.xml"/>
	<monster name="Tiger" file="Felines/tiger.xml"/>

	<!-- Frogs -->
	<monster name="Azure Frog" file="Frogs/azure frog.xml"/>
	<monster name="Bog Frog" file="Frogs/bog frog.xml"/>
	<monster name="Infernal Frog" file="Frogs/infernal frog.xml"/>
	<monster name="Coral Frog" file="Frogs/coral frog.xml"/>
	<monster name="Crimson Frog" file="Frogs/crimson frog.xml"/>
	<monster name="Deathspawn" file="Frogs/deathspawn.xml"/>
	<monster name="Filth Toad" file="Frogs/filth toad.xml"/>
	<monster name="Green Frog" file="Frogs/green frog.xml"/>
	<monster name="Orchid Frog" file="Frogs/orchid frog.xml"/>
	<monster name="Toad" file="Frogs/toad.xml"/>
	
	<!-- Glires -->
	<monster name="Cave Rat" file="Glires/cave rat.xml"/>
	<monster name="The Halloween Hare" file="Glires/halloweenhare.xml"/>
	<monster name="Rabbit" file="Glires/rabbit.xml"/>
	<monster name="Rat" file="Glires/rat.xml"/>
	<monster name="Silver Rabbit" file="Glires/silver rabbit.xml"/>
	<monster name="Squirrel" file="Glires/squirrel.xml"/>
	<monster name="Killer Rabbit" file="Glires/killer rabbit.xml"/>

	<!-- Geo-Elementals -->
	<monster name="Damaged Worker Golem" file="Geo-Elementals/damaged worker golem.xml"/>
	<monster name="Earth Elemental" file="Geo-Elementals/earth elemental.xml"/>
	<monster name="Eternal Guardian" file="Geo-Elementals/eternal guardian.xml"/>
	<monster name="Gargoyle" file="Geo-Elementals/gargoyle.xml"/>
	<monster name="Jagged Earth Elemental" file="Geo-Elementals/jagged earth elemental.xml"/>
	<monster name="Massive Earth Elemental" file="Geo-Elementals/massive earth elemental.xml"/>
	<monster name="Medusa" file="Geo-Elementals/medusa.xml"/>
	<monster name="Muddy Earth Elemental" file="Geo-Elementals/muddy earth elemental.xml"/>
	<monster name="Stone Golem" file="Geo-Elementals/stone golem.xml"/>
	<monster name="War Golem" file="Geo-Elementals/war golem.xml"/>
	<monster name="Worker Golem" file="Geo-Elementals/worker golem.xml"/>

	<!-- Ghosts -->
	<monster name="Ghost" file="Ghosts/ghost.xml"/>
	<monster name="Phantasm Summon" file="Ghosts/phantasm summon.xml"/>
	<monster name="Souleater" file="Ghosts/souleater.xml"/>
	<monster name="Phantasm" file="Ghosts/phantasm.xml"/>
	<monster name="Spectre" file="Ghosts/spectre.xml"/>
	<monster name="Wisp" file="Ghosts/wisp.xml"/>

	<!-- Giants -->
	<monster name="Behemoth" file="Giants/behemoth.xml"/>
	<monster name="Cyclops" file="Giants/cyclops.xml"/>
	<monster name="Cyclops Drone" file="Giants/cyclops drone.xml"/>
	<monster name="Cyclops Smith" file="Giants/cyclops smith.xml"/>
	<monster name="Frost Giant" file="Giants/frost giant.xml"/>
	<monster name="Frost Giantess" file="Giants/frost giantess.xml"/>

	<!-- Goblins -->
	<monster name="Goblin" file="Goblins/goblin.xml"/>
	<monster name="Goblin Assassin" file="Goblins/goblin assassin.xml"/>
	<monster name="Goblin Leader" file="Goblins/goblin leader.xml"/>
	<monster name="Goblin Scavenger" file="Goblins/goblin scavenger.xml"/>
	<monster name="Grynch Clan Goblin" file="Goblins/grynch clan goblin.xml"/>

	<!-- Hydro-Elementals -->
	<monster name="Massive Water Elemental" file="Hydro-Elementals/massive water elemental.xml"/>
	<monster name="Roaring Water Elemental" file="Hydro-Elementals/roaring water elemental.xml"/>
	<monster name="Slick Water Elemental" file="Hydro-Elementals/slick water elemental.xml"/>
	<monster name="Water Elemental" file="Hydro-Elementals/water elemental.xml"/>

	<!-- Insects -->
	<monster name="Ancient Scarab" file="Insects/ancient scarab.xml"/>
	<monster name="Blue Butterfly" file="Insects/blue butterfly.xml"/>
	<monster name="Brimstone Bug" file="Insects/brimstone bug.xml"/>
	<monster name="Bug" file="Insects/bug.xml"/>
	<monster name="Centipede" file="Insects/centipede.xml"/>
	<monster name="Cockroach" file="Insects/cockroach.xml"/>
	<monster name="Insect Swarm" file="Insects/insect swarm.xml"/>
	<monster name="Lancer Beetle" file="Insects/lancer beetle.xml"/>
	<monster name="Larva" file="Insects/larva.xml"/>
	<monster name="Pink Butterfly" file="Insects/pink butterfly.xml"/>
	<monster name="Purple Butterfly" file="Insects/purple butterfly.xml"/>
	<monster name="Red Butterfly" file="Insects/red butterfly.xml"/>
	<monster name="Sandcrawler" file="Insects/sandcrawler.xml"/>
	<monster name="Scarab" file="Insects/scarab.xml"/>
	<monster name="Terramite" file="Insects/terramite.xml"/>
	<monster name="Wasp" file="Insects/wasp.xml"/>
	<monster name="Yellow Butterfly" file="Insects/yellow butterfly.xml"/>

	<!-- Lizards -->
	<monster name="Battlemaster Zunzu" file="Lizards/battlemaster zunzu.xml"/>  
	<monster name="Draken Abomination" file="Lizards/draken abomination.xml"/>
	<monster name="Draken Elite" file="Lizards/draken elite.xml"/>
	<monster name="Draken Spellweaver" file="Lizards/draken spellweaver.xml"/>
	<monster name="Draken Warmaster" file="Lizards/draken warmaster.xml"/>
	<monster name="Lizard Abomination" file="Lizards/lizard abomination.xml"/>
	<monster name="Lizard Chosen" file="Lizards/lizard chosen.xml"/>
	<monster name="Lizard Dragon Priest" file="Lizards/lizard dragon priest.xml"/>
	<monster name="Lizard High Guard" file="Lizards/lizard high guard.xml"/>
	<monster name="Lizard Legionnaire" file="Lizards/lizard legionnaire.xml"/>
	<monster name="Lizard Magistratus" file="Lizards/Lizard Magistratus.xml"/>
	<monster name="Lizard Noble" file="Lizards/lizard noble.xml"/>
	<monster name="Lizard Sentinel" file="Lizards/lizard sentinel.xml"/>
	<monster name="Lizard Snakecharmer" file="Lizards/lizard snakecharmer.xml"/>
	<monster name="Lizard Templar" file="Lizards/lizard templar.xml"/>
	<monster name="Lizard Zaogun" file="Lizards/lizard zaogun.xml"/>
	<monster name="Wyvern" file="Lizards/wyvern.xml"/>

	<!-- Minotaurs -->
	<monster name="Minotaur Archer" file="Minotaurs/minotaur archer.xml"/>
	<monster name="Minotaur Guard" file="Minotaurs/minotaur guard.xml"/>
	<monster name="Minotaur Mage" file="Minotaurs/minotaur mage.xml"/>
	<monster name="Minotaur" file="Minotaurs/minotaur.xml"/>

	<!-- Misc -->
		<!-- Misc Mammals -->
		<monster name="Badger" file="Misc/Misc Mammals/badger.xml"/>
		<monster name="Bat" file="Misc/Misc Mammals/bat.xml"/>
		<monster name="Hyaena" file="Misc/Misc Mammals/hyaena.xml"/>
		<monster name="Skunk" file="Misc/Misc Mammals/skunk.xml"/>
		
		<!-- Misc Reptiles -->
		<monster name="Crocodile" file="Misc/Misc Reptiles/crocodile.xml"/>
		<monster name="Hydra" file="Misc/Misc Reptiles/hydra.xml"/>
		<monster name="Killer Caiman" file="Misc/Misc Reptiles/killer caiman.xml"/>
		<monster name="Thornback Tortoise" file="Misc/Misc Reptiles/thornback tortoise.xml"/>
		<monster name="Tortoise" file="Misc/Misc Reptiles/tortoise.xml"/>

	<!-- Monks -->
	<monster name="Dark Monk" file="Monks/dark monk.xml"/>
	<monster name="Monk" file="Monks/monk.xml"/>

	<!-- Mutated -->
	<monster name="Mutated Bat" file="Mutated/mutated bat.xml"/>
	<monster name="Mutated Human" file="Mutated/mutated human.xml"/>
	<monster name="Mutated Rat" file="Mutated/mutated rat.xml"/>
	<monster name="Mutated Tiger" file="Mutated/mutated tiger.xml"/>

	<!-- Necromancers -->
	<monster name="Necromancer" file="Necromancers/necromancer.xml"/>
	<monster name="Priestess" file="Necromancers/priestess.xml"/>

	<!-- Orcs -->
	<monster name="Orc Berserker" file="Orcs/orc berserker.xml"/>
	<monster name="Orc Leader" file="Orcs/orc leader.xml"/>
	<monster name="Orc Rider" file="Orcs/orc rider.xml"/>
	<monster name="Orc Shaman" file="Orcs/orc shaman.xml"/>
	<monster name="Orc Spearman" file="Orcs/orc spearman.xml"/>
	<monster name="Orc Warlord" file="Orcs/orc warlord.xml"/>
	<monster name="Orc Warrior" file="Orcs/orc warrior.xml"/>
	<monster name="Orc" file="Orcs/orc.xml"/>
	<monster name="Orc Marauder" file="Orcs/orc marauder.xml"/>

	<!-- Outlaws -->
	<monster name="Asassin" file="Outlaws/assassin.xml"/>
	<monster name="Assassin" file="Outlaws/assassin.xml"/>
	<monster name="Bandit" file="Outlaws/bandit.xml"/>
	<monster name="Black Knight" file="Outlaws/black knight.xml"/>
	<monster name="Crazed Beggar" file="Outlaws/crazed beggar.xml"/>
	<monster name="Gang Member" file="Outlaws/gang member.xml"/>
	<monster name="Gladiator" file="Outlaws/gladiator.xml"/>
	<monster name="Hero" file="Outlaws/hero.xml"/>
	<monster name="Hunter" file="Outlaws/hunter.xml"/>
	<monster name="Nomad" file="Outlaws/nomad.xml"/>
	<monster name="Poacher" file="Outlaws/poacher.xml"/>
	<monster name="Primitive" file="Outlaws/primitive.xml"/>
	<monster name="Smuggler" file="Outlaws/smuggler.xml"/>
	<monster name="Stalker" file="Outlaws/stalker.xml"/>
	<monster name="Wild Warrior" file="Outlaws/wild warrior.xml"/>
	<monster name="Feverish Citizen" file="Outlaws/feverish citizen.xml"/>

	<!-- Pharaohs -->
	<monster name="Ashmunrah" file="Pharaohs/ashmunrah.xml"/>
	<monster name="Dipthrah" file="Pharaohs/dipthrah.xml"/>
	<monster name="Mahrdis" file="Pharaohs/mahrdis.xml"/>
	<monster name="Morguthis" file="Pharaohs/morguthis.xml"/>
	<monster name="Omruc" file="Pharaohs/omruc.xml"/>
	<monster name="Rahemos" file="Pharaohs/rahemos.xml"/>
	<monster name="Thalas" file="Pharaohs/thalas.xml"/>
	<monster name="Vashresamun" file="Pharaohs/vashresamun.xml"/>

	<!-- Pirates -->
	<monster name="Pirate Buccaneer" file="Pirates/pirate buccaneer.xml"/>
	<monster name="Pirate Corsair" file="Pirates/pirate corsair.xml"/>
	<monster name="Pirate Cutthroat" file="Pirates/pirate cutthroat.xml"/>
	<monster name="Pirate Ghost" file="Pirates/pirate ghost.xml"/>
	<monster name="Pirate Marauder" file="Pirates/pirate marauder.xml"/>
	<monster name="Pirate Skeleton" file="Pirates/pirate skeleton.xml"/>

	<!-- Pyro-Elementals -->
	<monster name="Blazing Fire Elemental" file="Pyro-Elementals/blazing fire elemental.xml"/>
	<monster name="Blistering Fire Elemental" file="Pyro-Elementals/blistering fire elemental.xml"/>
	<monster name="Fire Elemental" file="Pyro-Elementals/fire elemental.xml"/>
	<monster name="Hellfire Fighter" file="Pyro-Elementals/hellfire fighter.xml"/>
	<monster name="Massive Fire Elemental" file="Pyro-Elementals/massive fire elemental.xml"/>

	<!-- Quaras -->
	<monster name="Quara Constrictor" file="Quaras/quara constrictor.xml"/>
	<monster name="Quara Constrictor Scout" file="Quaras/quara constrictor scout.xml"/>
	<monster name="Quara Hydromancer" file="Quaras/quara hydromancer.xml"/>
	<monster name="Quara Hydromancer Scout" file="Quaras/quara hydromancer scout.xml"/>
	<monster name="Quara Mantassin" file="Quaras/quara mantassin.xml"/>
	<monster name="Quara Mantassin Scout" file="Quaras/quara mantassin scout.xml"/>
	<monster name="Quara Pincher" file="Quaras/quara pincher.xml"/>
	<monster name="Quara Pincher Scout" file="Quaras/quara pincher scout.xml"/>
	<monster name="Quara Predator" file="Quaras/quara predator.xml"/>
	<monster name="Quara Predator Scout" file="Quaras/quara predator scout.xml"/>

	<!-- Serpents -->
	<monster name="Cobra" file="Serpents/cobra.xml"/>
	<monster name="Sea Serpent" file="Serpents/sea serpent.xml"/>
	<monster name="Serpent Spawn" file="Serpents/serpent spawn.xml"/>
	<monster name="Snake" file="Serpents/snake.xml"/>
	<monster name="Young Sea Serpent" file="Serpents/young sea serpent.xml"/>

	<!-- Shapeshifters -->
	<monster name="Mimic" file="Shapeshifters/mimic.xml"/>

	<!-- Skeletons -->
	<monster name="Betrayed Wraith" file="Skeletons/betrayed wraith.xml"/>
	<monster name="Bonebeast" file="Skeletons/bonebeast.xml"/>
	<monster name="Bone Beast" file="Skeletons/bonebeast.xml"/>
	<monster name="Demon Skeleton" file="Skeletons/demon skeleton.xml"/>
	<monster name="Dreadbeast" file="Skeletons/dreadbeast.xml"/>
	<monster name="Dread Beast" file="Skeletons/dreadbeast.xml"/>
	<monster name="Lost Soul" file="Skeletons/lost soul.xml"/>
	<monster name="Skeleton" file="Skeletons/skeleton.xml"/>
	<monster name="Skeleton Warrior" file="Skeletons/skeleton warrior.xml"/>
	<monster name="Undead Gladiator" file="Skeletons/undead gladiator.xml"/>
	<monster name="Undead Minion" file="Skeletons/undead minion.xml"/>
	<monster name="Undead Mine Worker" file="Skeletons/undead mine worker.xml"/>

	<!-- Sorcerers -->
	<monster name="Dark Apprentice" file="Sorcerers/dark apprentice.xml"/>
	<monster name="Dark Magician" file="Sorcerers/dark magician.xml"/>
	<monster name="Ice Witch" file="Sorcerers/ice witch.xml"/>
	<monster name="Infernalist" file="Sorcerers/infernalist.xml"/>
	<monster name="Yalahari" file="Sorcerers/yalahari.xml"/>
	<monster name="Mad Scientist" file="Sorcerers/mad scientist.xml"/>
	<monster name="Warlock" file="Sorcerers/warlock.xml"/>

	<!-- Traps -->
	<monster name="Deathslicer" file="Traps/deathslicer.xml"/>
	<monster name="Flamethrower" file="Traps/flamethrower.xml"/>
	<monster name="Lavahole" file="Traps/lavahole.xml"/>
	<monster name="Magicthrower" file="Traps/magicthrower.xml"/>
	<monster name="Plaguethrower" file="Traps/plaguethrower.xml"/>
	<monster name="Shredderthrower" file="Traps/shredderthrower.xml"/>

	<!-- Trolls -->
	<monster name="Frost Troll" file="Trolls/frost troll.xml"/>
	<monster name="Island Troll" file="Trolls/island troll.xml"/>
	<monster name="Swamp Troll" file="Trolls/swamp troll.xml"/>
	<monster name="Troll" file="Trolls/troll.xml"/>
	<monster name="Troll Champion" file="Trolls/troll champion.xml"/>

	<!-- Undead Humanoids -->
	<monster name="Banshee" file="Undead Humanoids/banshee.xml"/>
	<monster name="Blightwalker" file="Undead Humanoids/blightwalker.xml"/>
	<monster name="Crypt Shambler" file="Undead Humanoids/crypt shambler.xml"/>
	<monster name="Ghoul" file="Undead Humanoids/ghoul.xml"/>
	<monster name="Grim Reaper" file="Undead Humanoids/grim reaper.xml"/>
	<monster name="Lich" file="Undead Humanoids/lich.xml"/>
	<monster name="Mummy" file="Undead Humanoids/mummy.xml"/>
	<monster name="Vampire" file="Undead Humanoids/vampire.xml"/>
	<monster name="Vampire Bride" file="Undead Humanoids/vampire bride.xml"/>
	<monster name="Zombie" file="Undead Humanoids/zombie.xml"/>
	<monster name="Undead Prospector" file="Undead Humanoids/undead prospector.xml"/>

	<!-- Voodoo Cultists -->
	<monster name="Acolyte of the Cult" file="Voodoo Cultists/acolyte of the cult.xml"/>
	<monster name="Adept of the Cult" file="Voodoo Cultists/adept of the cult.xml"/>
	<monster name="Enlightened of the Cult" file="Voodoo Cultists/enlightened of the cult.xml"/>
	<monster name="Novice of the Cult" file="Voodoo Cultists/novice of the cult.xml"/>
</monsters>
