<?xml version="1.0" encoding="UTF-8"?>
<monster name="Arachir the ancient one" nameDescription="a vampire lord" race="undead" experience="1800" speed="300" manacost="0">
    <health now="1600" max="1600"/>
    <look type="287" corpse="8937"/>
    <targetchange interval="5000" chance="10"/>
    <strategy attack="100" defense="0"/>
    <flags>
        <flag summonable="0"/>
        <flag attackable="1"/>
        <flag hostile="1"/>
        <flag illusionable="0"/>
        <flag convinceable="0"/>
        <flag pushable="0"/>
        <flag canpushitems="1"/>
        <flag canpushcreatures="1"/>
        <flag targetdistance="1"/>
        <flag staticattack="90"/>
        <flag runonhealth="0"/>
    </flags>
    <attacks>
        <attack name="melee" interval="2000" skill="70" attack="95"/>
        <attack name="death" interval="9000" chance="100" target="0" radius="3" min="-120" max="-300">
            <attribute key="areaEffect" value="mortarea"/>
        </attack>
        <attack name="death" interval="1000" chance="12" target="1" min="0" max="-120">
            <attribute key="areaEffect" value="mortarea"/>
            <attribute key="shootEffect" value="suddendeath"/>
        </attack>
    </attacks>
    <defenses armor="30" defense="30">
        <defense name="healing" interval="1000" chance="12" min="100" max="235">
            <attribute key="areaEffect" value="blueshimmer"/>
        </defense>
        <defense name="invisible" interval="3000" chance="25" duration="6000">
            <attribute key="areaEffect" value="blueshimmer"/>
        </defense>
        <defense name="outfit" interval="4500" chance="30" monster="bat" duration="4000"/>
    </defenses>
    <elements>
        <element phyisicalPercent="20"/>
        <element holyPercent="-15"/>
        <element firePercent="-10"/>
    </elements>
    <immunities>
        <immunity lifedrain="1"/>
        <immunity death="1"/>
        <immunity invisible="1"/>
    </immunities>
    <voices interval="5000" chance="10">
        <voice sentence="I was the shadow that haunted the cradle of humanity!"/>
        <voice sentence="I exist since eons and you want to defy me?"/>
        <voice sentence="Can you feel the passage of time, mortal?"/>
    </voices>
    <summons maxSummons="2">
        <summon name="Lich" interval="9000" chance="100"/>
        <summon name="Lich" interval="9000" chance="100"/>
    </summons>
    <loot>
        <item id="7416" chance="1200"/> -- bloody edge :: Def 21 :: Atk 43
        <item id="7588" chance="10000"/> -- strong health potion
        <item id="2229" chance="10000"/> -- skull
        <item id="2148" chance1="100000" countmax="98"/> -- gold coin
        <item id="9020" chance1="100000" /> -- vampire token
        <item id="2152" chance1="50000" countmax="5"/> -- platinum coin
        <item id="2216" chance="11111"/> -- ring of healing
        <item id="2534" chance="6300"/> -- vampire shield :: Def 34
        <item id="2144" chance1="8980" countmax="1"/> -- black pearl
    </loot>
</monster>
