<?xml version="1.0" encoding="UTF-8"?>
<monster name="Dreadwing" nameDescription="Dreadwing" race="blood" experience="3750" speed="245" manacost="0">
	<health now="8500" max="8500"/>
	<look type="307" corpse="9829"/>
	<targetchange interval="2000" chance="10"/>
	<strategy attack="100" defense="0"/>
	<flags>
		<flag summonable="0"/>
		<flag attackable="1"/>
		<flag hostile="1"/>
		<flag illusionable="0"/>
		<flag convinceable="0"/>
		<flag pushable="0"/>
		<flag canpushitems="1"/>
		<flag canpushcreatures="1"/>
		<flag targetdistance="1"/>
		<flag staticattack="90"/>
		<flag runonhealth="0"/>
	</flags>
	<attacks>
		<attack name="melee" interval="2000" skill="40" attack="100" />
		<attack name="physical" interval="3000" chance="50" target="1" radius="7" min="-0" max="-100">
			<attribute key="areaEffect" value="whitenote"/>
		</attack>
	</attacks>
	<defenses armor="30" defense="30"/>
	<immunities>
		<immunity death="1"/>
		<immunity earth="1"/>
		<immunity invisible="1"/>
	</immunities>
</monster>
