<?xml version="1.0" encoding="UTF-8"?>
<monster name="Earth Overlord" nameDescription="an earth overlord" race="undead" experience="2800" speed="330" manacost="0">
	<health now="4000" max="4000"/>
	<look type="285" corpse="8933"/>
	<targetchange interval="20000" chance="30"/>
	<strategy attack="100" defense="0"/>
	<flags>
		<flag summonable="0"/>
		<flag attackable="1"/>
		<flag hostile="1"/>
		<flag illusionable="0"/>
		<flag convinceable="0"/>
		<flag pushable="0"/>
		<flag canpushitems="1"/>
		<flag staticattack="80"/>
		<flag lightlevel="0"/>
		<flag lightcolor="0"/>
		<flag targetdistance="1"/>
		<flag runonhealth="1"/>
	</flags>
	<attacks>
		<attack name="melee" interval="2000" skill="90" attack="80"/>
		<attack name="earth" interval="1000" chance="10" length="7" spread="0" min="0" max="-800">
			<attribute key="areaEffect" value="stones"/>
		</attack>
		<attack name="earth" interval="1000" chance="9" radius="6" min="0" max="-490">
			<attribute key="areaEffect" value="bigplants"/>
		</attack>
		<attack name="speed" interval="2000" chance="20" range="7" speedchange="-750" duration="4000">
			<attribute key="areaEffect" value="redshimmer"/>
		</attack>
	</attacks>
	<defenses armor="30" defense="30"/>
	<elements>
		<element deathPercent="30"/>
		<element physicalPercent="20"/>
		<element holyPercent="20"/>
		<element firePercent="-25"/>
	</elements>
	<immunities>
		<immunity paralyze="1"/>
		<immunity invisible="1"/>
		<immunity earth="1"/>
		<immunity energy="1"/>
	</immunities>
	<loot>
		<item id="2148" countmax="90" chance="40000"/><!-- gold coin -->
		<item id="2148" countmax="78" chance="40000"/><!-- gold coin -->
		<item id="2152" countmax="3" chance="5000"/><!-- platinum coin -->
		<item id="2149" countmax="2" chance="4500"/><!-- small emerald -->
		<item id="1294" countmax="15" chance="5000"/><!-- small stone -->
		<item id="8305" chance="100000"/><!-- mother soil -->
		<item id="7884" chance="750"/><!-- terra mantle -->
		<item id="8880" chance="300"/><!-- swamplair armor -->
	</loot>
</monster>
