<?xml version="1.0" encoding="UTF-8"?>
<monster name="Inky" nameDescription="a inky" race="blood" experience="250" speed="520" manacost="670">
	<health now="600" max="600"/>
	<look type="46" corpse="6065"/>
	<targetchange interval="5000" chance="8"/>
	<strategy attack="100" defense="0"/>
	<flags>
		<flag summonable="0"/>
		<flag attackable="1"/>
		<flag hostile="1"/>
		<flag illusionable="0"/>
		<flag convinceable="0"/>
		<flag pushable="0"/>
		<flag canpushitems="1"/>
		<flag canpushcreatures="0"/>
		<flag staticattack="90"/>
		<flag targetdistance="1"/>
		<flag runonhealth="0"/>
	</flags>
	<attacks>
		<attack name="melee" interval="2000" skill="85" attack="156"/>
		<attack name="lifedrain" interval="2000" chance="15" radius="3" target="0" max="-87">
			<attribute key="areaEffect" value="blackspark"/>
		</attack>
		<attack name="poisonfield" interval="2000" chance="19" range="7" radius="3" target="0">
			<attribute key="shootEffect" value="poison"/>
		</attack>		
		<attack name="physical" interval="2000" chance="7" range="7" target="1" min="-56" max="-87">
			<attribute key="shootEffect" value="snowball"/>
		</attack>		
		<attack name="energycondition" interval="2000" chance="10" min="-75" max="-75" range="1" target="1">
			<attribute key="shootEffect" value="energy"/>
		</attack>
	</attacks>
	<defenses armor="15" defense="15"/>
	<elements>
		<element energyPercent="-15"/>
	</elements>
	<immunities>
		<immunity lifedrain="1"/>
		<immunity ice="1"/>
		<immunity earth="1"/>
	</immunities>
	<voices interval="5000" chance="10">
		<voice sentence="Tssss!"/>
		<voice sentence="Gaaahhh!"/>
		<voice sentence="Gluh! Gluh!"/>
		<voice sentence="Boohaa!"/>
	</voices>
</monster>
