<?xml version="1.0" encoding="UTF-8"?>
<monster name="Munster" nameDescription="a munster" race="blood" experience="23" speed="200" manacost="250">
	<health now="58" max="58"/>
	<look type="56" corpse="2813"/>
	<targetchange interval="60000" chance="0"/>
	<strategy attack="100" defense="0"/>
	<flags>
		<flag summonable="1"/>
		<flag attackable="1"/>
		<flag hostile="1"/>
		<flag illusionable="1"/>
		<flag convinceable="1"/>
		<flag pushable="1"/>
		<flag canpushitems="0"/>
		<flag staticattack="80"/>
		<flag lightlevel="0"/>
		<flag lightcolor="0"/>
		<flag targetdistance="1"/>
		<flag runonhealth="10"/>
	</flags>
	<attacks>
		<attack name="melee" interval="2000" min="-1" max="-15"/>
	</attacks>
	<defenses armor="2" defense="4"/>
	<voices interval="2000" chance="5">
		<voice sentence="Meeeeep!"/>
	</voices>
	<summons maxSummons="2">
		<summon name="Rat" interval="2000" chance="20" max="2"/>
	</summons>
	<loot>
		<item id="2148" countmax="16" chance="100000"/><!-- gold coin -->
		<item id="2696" chance="50000"/><!-- cheese -->
		<item id="2687" countmax="1" chance="5000"/><!-- cookie -->
		<item id="2650" chance="50000"/><!-- jacket -->
		<item id="2449" chance="5000"/><!-- bone club -->
	</loot>
</monster>
