<?xml version="1.0" encoding="UTF-8"?>
<monster name="The Noxious Spawn" nameDescription="the noxious spawn" race="venom" experience="6000" speed="360" manacost="0">
	<health now="9500" max="9500"/>
	<look type="220" corpse="4323"/>
	<targetchange interval="5000" chance="8"/>
	<strategy attack="100" defense="0"/>
	<flags>
		<flag summonable="0"/>
		<flag attackable="1"/>
		<flag hostile="1"/>
		<flag illusionable="0"/>
		<flag convinceable="0"/>
		<flag pushable="0"/>
		<flag canpushitems="1"/>
		<flag canpushcreatures="1"/>
		<flag targetdistance="1"/>
		<flag staticattack="90"/>
		<flag runonhealth="275"/>
	</flags>
	<attacks>
		<attack name="melee" interval="2000" skill="40" attack="100"/>
		<attack name="speed" interval="2000" chance="6" range="7" speedchange="-660" duration="5000">
		</attack>
		<attack name="earth" interval="2000" chance="7" length="8" spread="3" min="-0" max="-550">
			<attribute key="areaEffect" value="smallplants"/>
		</attack>
		<attack name="lifedrain" interval="2000" chance="9" length="8" spread="0" min="-0" max="-550">
			<attribute key="areaEffect" value="rednote"/>
		</attack>
		<attack name="poison" interval="2000" chance="12" range="1" min="-0" max="-300">
			<attribute key="shootEffect" value="poison"/>
			<attribute key="areaEffect" value="poison"/>
		</attack>
		<attack name="outfit" interval="2000" chance="11" range="7" item="3976" duration="4000">
			<attribute key="areaEffect" value="blueshimmer"/>
		</attack>
	</attacks>
	<defenses armor="18" defense="25">
		<defense name="healing" interval="2000" chance="10" min="900" max="1000">
			<attribute key="areaEffect" value="blueshimmer"/>
		</defense>
	</defenses>
	<elements>
		<element icePercent="20"/>
		<element firePercent="-10"/>
		<element energyPercent="-10"/>
	</elements>
	<immunities>
		<immunity paralyze="1"/>
		<immunity invisible="1"/>
		<immunity earth="1"/>
	</immunities>
	<voices interval="5000" chance="10">
		<voice sentence="Sssssouls for the one"/>
		<voice sentence="HISSSS" yell="1"/>
		<voice sentence="Tsssse one will risssse again"/>
		<voice sentence="I bring your deathhh, mortalssss"/>
	</voices>
	<loot>
		<item id="2152" countmax="5" chance="51850" /><!-- platinum coin -->
		<item id="7456" chance="37000" /><!-- noble axe -->
		<item id="2152" countmax="95" chance="10750" /><!-- assassin star -->
		<item id="7365" chance="525" /><!-- onyx arrow -->
		<item id="10309" chance="31500" /><!-- claw of the noxious spawn-->
		<item id="2168" chance="35000" /><!-- life ring -->
		<item id="2547" countmax="29" chance="36250" /><!-- power bolt -->
		<item id="7386" chance="27750" /><!-- mercenary sword -->
		<item id="2796" chance="11111" /><!-- green mushroom -->
	</loot>
</monster>
