<?xml version="1.0" encoding="UTF-8"?>
<monster name="Thul" nameDescription="a thul" race="blood" experience="2700" speed="520" manacost="670">
	<health now="2950" max="2950"/>
	<look type="46" corpse="6065"/>
	<targetchange interval="5000" chance="8"/>
	<strategy attack="100" defense="0"/>
	<flags>
		<flag summonable="0"/>
		<flag attackable="1"/>
		<flag hostile="1"/>
		<flag illusionable="0"/>
		<flag convinceable="0"/>
		<flag pushable="0"/>
		<flag canpushitems="1"/>
		<flag canpushcreatures="0"/>
		<flag staticattack="90"/>
		<flag targetdistance="1"/>
		<flag runonhealth="0"/>
	</flags>
	<attacks>
		<attack name="melee" interval="2000" skill="85" attack="285"/>
		<attack name="physical" interval="2000" chance="25" radius="3"  min="-0" max="-170">
			<attribute key="areaEffect" value="blackspark"/>
		</attack>	
		<attack name="poisonfield" interval="2000" chance="19" range="7" radius="3" target="0">
			<attribute key="shootEffect" value="poison"/>
		</attack>		
		<attack name="speed" interval="2000" chance="18" range="7" speedchange="-360" duration="5000">
		<attribute key="shootEffect" value="snowball"/>
		</attack>	
		<attack name="ice" interval="2000" chance="20" range="7" target="1" min="-108" max="-137">
			<attribute key="shootEffect" value="ice"/>
			<attribute key="areaEffect" value="icearea"/>
		</attack>	
	</attacks>
	<defenses armor="15" defense="15"/>
	<elements>
		<element energyPercent="-15"/>
	</elements>
	<immunities>
		<immunity lifedrain="1"/>
		<immunity ice="1"/>
		<immunity earth="1"/>
	</immunities>
	<voices interval="5000" chance="10">
		<voice sentence="Gaaahhh!"/>
	</voices>
	<summons maxSummons="2">
		<summon name="Massive Water Elementals" interval="2000" chance="10" max="2"/>
	</summons>
	<loot>
	<item id="5895" chance="100000" /><!-- fish fin -->
    <item id="2148" countmax="77" chance="50000" /><!-- gold coin -->
    <item id="7383" chance="50000" /><!-- relic sword -->
	<item id="2670" chance="25000" /><!-- shrimp -->
</loot>
</monster>
