<?xml version="1.0" encoding="UTF-8"?>
<monster name="Yakchal" nameDescription="an yakchal" race="blood" experience="4400" speed="200" manacost="0">
	<health now="5000" max="5000"/>
	<look type="149" head="0" body="47" legs="105" feet="105" addons="0" corpse="6081"/>
	<targetchange interval="2000" chance="5"/>
	<strategy attack="100" defense="0"/>
	<flags>
		<flag summonable="0"/>
		<flag attackable="1"/>
		<flag hostile="1"/>
		<flag illusionable="1"/>
		<flag convinceable="0"/>
		<flag pushable="0"/>
		<flag canpushitems="1"/>
		<flag staticattack="50"/>
		<flag lightlevel="0"/>
		<flag lightcolor="0"/>
		<flag targetdistance="4"/>
		<flag runonhealth="0"/>
	</flags>
	<attacks>
		<attack name="melee" interval="2000" min="-0" max="-389"/>
		<attack name="outfit" interval="1000" chance="10" range="7" item="7172" duration="8000">
			<attribute key="areaEffect" value="blueshimmer"/>
		</attack>
		<attack name="ice" interval="2000" chance="18" target="1" radius="4" min="0" max="-430">
			<attribute key="areaEffect" value="icearea"/>
			<attribute key="shootEffect" value="smallice"/>
		</attack>
		<attack name="physical" interval="3000" chance="34" range="7" radius="3" target="1" min="-200" max="-310">
			<attribute key="shootEffect" value="snowball"/>
		</attack>
		<attack name="speed" interval="1000" chance="10" range="7" speedchange="-600" duration="20000">
			<attribute key="areaEffect" value="redshimmer"/>
		</attack>
	</attacks>
	<defenses armor="15" defense="20">
		<defense name="healing" interval="1000" chance="25" min="50" max="100">
			<attribute key="areaEffect" value="blueshimmer"/>
		</defense>
	</defenses>
	<elements>
		<element icePercent="100"/>
		<element firePercent="50"/>
		<element earthPercent="40"/>
		<element holyPercent="26"/>
		<element energyPercent="-10"/>
		<element deathPercent="-10"/>
	</elements>
	<immunities>
		<immunity paralyze="1"/>
		<immunity invisible="1"/>
	</immunities>
		<summons maxSummons="4">
		<summon name="Ice Golem" interval="1000" chance="13" max="4"/>
	</summons>
	<voices interval="2000" chance="5">
		<voice sentence="So you think you are cool?"/>
		<voice sentence="I hope it is not too cold for you! HeHeHe."/>
		<voice sentence="Freeze!"/>
	</voices>
	<loot>
		<item id="2148" countmax="88" chance="10000"/><!-- gold coin -->
		<item id="5912" chance="5000"/><!-- ice cube -->
		<item id="7449" chance="4000"/><!-- green mushroom -->
		<item id="7440" chance="1500"/><!-- glacier shoes -->
		<item id="7439" chance="1500"/><!-- diamond sceptre -->
		<item id="7443" chance="1500"/><!-- crystal sword -->
		<item id="7459" chance="1000"/><!-- shard -->
		<item id="2201" chance="3250"/><!-- clerical mace -->
		<item id="7896" chance="2650"/><!-- strong mana potion -->
		<item id="2195" chance="2000"/><!-- mystic turban -->
		<item id="7897" chance="3000"/><!-- glacier kilt -->
		<item id="7410" chance="1500"/><!-- ear muffs -->
		<item id="2436" chance="4500"/><!-- ear muffs -->
		<item id="9971" chance="5000"/><!-- ear muffs -->
		<item id="2445" chance="4000"/><!-- ear muffs -->
		<item id="7290" chance="1000000"/><!-- ear muffs -->
	</loot>
</monster>
