<?xml version="1.0" encoding="UTF-8"?>
<monster name="Infernal Frog" nameDescription="a infernal frog" race="venom" experience="190" speed="300" manacost="0">
	<health now="655" max="655"/>
	<look type="224" head="69" body="66" legs="69" feet="66" corpse="6079"/>
	<targetchange interval="5000" chance="20"/>
	<strategy attack="100" defense="0"/>
	<flags>
		<flag summonable="0"/>
		<flag attackable="1"/>
		<flag hostile="1"/>
		<flag illusionable="0"/>
		<flag convinceable="0"/>
		<flag pushable="0"/>
		<flag canpushitems="1"/>
		<flag canpushcreatures="1"/>
		<flag targetdistance="1"/>
		<flag staticattack="90"/>
		<flag runonhealth="0"/>
	</flags>
	<attacks>
		<attack name="melee" interval="1200" min="-0" max="-20"/>
		<attack name="earth" interval="2000" chance="30" target="1" min="-16" max="-32">
			<attribute key="areaEffect" value="stones"/>
		</attack>
		<attack name="speed" interval="1000" chance="17" range="7" radius="4" target="1" speedchange="-400" duration="2200">
			<attribute key="areaEffect" value="greenbubble"/>
		</attack>
	</attacks>
	<defenses armor="30" defense="35">
		<defense name="speed" interval="1000" chance="40" speedchange="400" duration="8000">
			<attribute key="areaEffect" value="redshimmer"/>
		</defense>
	</defenses>
	<immunities>
		<immunity earth="1"/>
		<immunity invisible="1"/>
	</immunities>
	<voices interval="5000" chance="10">
		<voice sentence="Ribbit!"/>
		<voice sentence="Ribbit! Ribbit!"/>
		<voice sentence="No Kisses for you!"/>
	</voices>
	<loot>
		<item id="2148" countmax="53" chance="50000"/><!-- gold coins -->
	</loot>
</monster>