<?xml version="1.0" encoding="UTF-8"?>
<monster name="Grimgor Guteater" nameDescription="grimgor guteater" race="blood" experience="670" speed="240" manacost="0">
	<health now="1115" max="1115"/>
	<look type="2" corpse="7349"/>
	<strategy attack="100" defense="0"/>
	<flags>
		<flag summonable="0"/>
		<flag attackable="1"/>
		<flag hostile="1"/>
		<flag illusionable="0"/>
		<flag convinceable="0"/>
		<flag pushable="0"/>
		<flag canpushitems="1"/>
		<flag targetdistance="1"/>
	</flags>
	<attacks>
		<attack name="melee" interval="2000" skill="105" attack="40"/>
		<attack name="physical" interval="4000" chance="60" min="-55" max="-130">
			<attribute key="shootEffect" value="throwingstar"/>
		</attack>
	</attacks>
	<defenses armor="45" defense="45"/>
	<elements>
		<element firePercent="100"/>
		<element energyPercent="20"/>
		<element deathPercent="-10"/>
	</elements>
	<immunities>
		<immunity outfit="1"/>
		<immunity drunk="1"/>
		<immunity invisible="1"/>
	</immunities>
	<voices interval="2000" chance="5">
		<voice sentence="Dont run, You're burning off precious fat."/>
	</voices>
</monster>
