<?xml version="1.0" encoding="UTF-8"?>
<monster name="Spirit of Earth" nameDescription="the spirit of earth" race="undead" experience="800" speed="180" manacost="0">
	<health now="1285" max="1285"/>
	<look type="67" corpse="7349"/>
	<strategy attack="100" defense="0"/>
	<flags>
		<flag summonable="0"/>
		<flag attackable="1"/>
		<flag hostile="1"/>
		<flag illusionable="0"/>
		<flag convinceable="0"/>
		<flag pushable="0"/>
		<flag canpushitems="1"/>
		<flag targetdistance="1"/>
	</flags>
	<attacks>
		<attack name="melee" interval="2000" skill="50" attack="60"/>
	</attacks>
	<defenses armor="30" defense="32"/>
	<elements>
		<element energyPercent="50"/>
		<element firePercent="-10"/>
	</elements>
	<immunities>
		<immunity outfit="1"/>
		<immunity drunk="1"/>
		<immunity invisible="1"/>
	</immunities>
	<voices interval="5000" chance="5">
		<voice sentence="Show your strengh ... or perish."/>
	</voices>
</monster>
