<?xml version="1.0" encoding="UTF-8"?>
<monster name="Dark Torturer" nameDescription="a dark torturer" race="blood" experience="4650" speed="250" manacost="0">
	<health now="7350" max="7350"/>
	<look type="234" corpse="6328"/>
	<targetchange interval="5000" chance="8"/>
	<strategy attack="100" defense="0"/>
	<flags>
		<flag summonable="0"/>
		<flag attackable="1"/>
		<flag hostile="1"/>
		<flag illusionable="0"/>
		<flag convinceable="0"/>
		<flag pushable="0"/>
		<flag canpushitems="1"/>
		<flag canpushcreatures="1"/>
		<flag targetdistance="1"/>
		<flag staticattack="90"/>
		<flag runonhealth="0"/>
	</flags>
	<attacks>
		<attack name="melee" interval="2000" skill="90" attack="100"/>
		<attack name="physical" interval="3000" chance="17" range="7" min="-60" max="-600">
			<attribute key="shootEffect" value="throwingknife"/>
		</attack>
		<attack name="physical" interval="3000" chance="17" length="4" spread="3" min="-0" max="-0">
			<attribute key="areaEffect" value="purplenote"/>
		</attack>
	</attacks>
	<defenses armor="25" defense="35">
		<defense name="healing" interval="1000" chance="50" min="75" max="125">
			<attribute key="areaEffect" value="blueshimmer"/>
		</defense>
	</defenses>
	<elements>
		<element earthPercent="90"/>
		<element energyPercent="30"/>
		<element deathPercent="10"/>
		<element icePercent="-10"/>
		<element holyPercent="-10"/>
	</elements>
	<immunities>
		<immunity fire="1"/>
		<immunity invisible="1"/>
	</immunities>
	<voices interval="3000" chance="30">
		<voice sentence="You like it, don't you?"/>
		<voice sentence="IahaEhheAie!"/>
		<voice sentence="It's party time!"/>
		<voice sentence="Harrr, Harrr!"/>
		<voice sentence="The torturer is in!"/>
	</voices>
	<loot>
		<item id="2148" countmax="100" chance="100000"/><!-- gold coin -->
		<item id="2148" countmax="99" chance="100000"/><!-- gold coin -->
		<item id="2671" chance="50000"/><!-- ham -->
		<item id="2152" countmax="8" chance="50000"/><!-- platinum coin -->
		<item id="6558" chance="33333"/><!-- concentrated demonic blood -->
		<item id="5944" chance="20000"/><!-- soul orb -->
		<item id="7591" countmax="2" chance="10000"/><!-- great health potion -->
		<item id="7590" countmax="2" chance="8333"/><!-- great mana potion -->
		<item id="2645" chance="5555"/><!-- steel boots -->
		<item id="9971" chance="4761"/><!-- gold ingot -->
		<item id="6500" chance="4166"/><!-- demonic essence -->
		<item id="2558" chance="3703"/><!-- saw -->
		<item id="6300" chance="2631"/><!-- death ring -->
		<item id="7368" countmax="3" chance="2222"/><!-- assassin star -->
		<item id="5480" chance="2222"/><!-- cat's paw -->
		<item id="5022" countmax="2" chance="2222"/><!-- orichalcum pearl -->
		<item id="7412" chance="1851"/><!-- butcher axe -->
		<item id="5801" chance="1492"/><!-- jewelled backpack -->
		<item id="7388" chance="746"/><!-- vile axe -->
	</loot>
</monster>
