<?xml version="1.0" encoding="UTF-8"?>
<creaturescripts>
	<!-- Player Login -->
	<event type="login" name="PlayerLogin" event="script" value="login.lua"/>

	<!-- Server Events -->
	<event type="channeljoin" name="GuildEvents" event="script" value="guild.lua"/>
	<event type="mailreceive" name="Mail" event="script" value="mail.lua"/>
	<event type="reportbug" name="ReportBug" script="reportbug.lua"/>
	<event type="advance" name="AdvanceSave" event="script" value="advancesave.lua"/>
	<event type="think" name="Idle" event="script" value="idle.lua"/>
	<event type="think" name="SkullCheck" event="script" value="skullcheck.lua"/>
	<event type="combat" name="partyAndGuildProtection" event="script" value="partyAndGuildProtection.lua"/>
	<event type="login" name="recordIp" event="script" value="recordIp.lua"/>
	<event type="kill" name="SummonKill" event="script" value="obsidianknife.lua"/>
	<event type="login" name="obs_login" event="script" value="obsidianknife.lua"/>
	<event type="extendedopcode" name="ExtendedOpcode" event="script" value="extendedopcode.lua"/>
</creaturescripts>
