<?xml version="1.0" encoding="UTF-8"?>
<monster name="Slime" nameDescription="a slime" race="venom" experience="0" speed="120" manacost="0">
	<health now="150" max="150"/>
	<look type="19" corpse="1496"/>
	<targetchange interval="5000" chance="8"/>
	<strategy attack="100" defense="0"/>
	<flags>
		<flag summonable="0"/>
		<flag attackable="1"/>
		<flag hostile="1"/>
		<flag illusionable="0"/>
		<flag convinceable="0"/>
		<flag pushable="0"/>
		<flag canpushitems="1"/>
		<flag canpushcreatures="0"/>
		<flag targetdistance="1"/>
		<flag staticattack="90"/>
		<flag runonhealth="0"/>
	</flags>
	<attacks>
		<attack name="melee" interval="2000" skill="45" attack="40"/>
	</attacks>
	<defenses armor="3" defense="10"/>
	<elements>
		<element earthPercent="100"/>
		<element icePercent="20"/>
		<element firePercent="-10"/>
		<element energyPercent="-10"/>
	</elements>
	<voices interval="5000" chance="10">
		<voice sentence="Blubb"/>
	</voices>
</monster>