<?xml version="1.0" encoding="UTF-8"?>
<monster name="Orshabaal" nameDescription="Orshabaal" race="fire" experience="10000" speed="380" manacost="0">
	<health now="20500" max="20500"/>
	<look type="201" corpse="2916"/>
	<targetchange interval="2000" chance="10"/>
	<strategy attack="70" defense="10"/>
	<flags>
		<flag summonable="0"/>
		<flag attackable="1"/>
		<flag hostile="1"/>
		<flag illusionable="0"/>
		<flag convinceable="0"/>
		<flag pushable="0"/>
		<flag canpushitems="1"/>
		<flag canpushcreatures="1"/>
		<flag targetdistance="1"/>
		<flag runonhealth="2500"/>
	</flags>
	<attacks>
		<attack name="melee" interval="2000" skill="190" attack="199"/>
		<attack name="manadrain" interval="1000" chance="13" range="7" min="-300" max="-600"/>
		<attack name="manadrain" interval="1000" chance="6" radius="5" target="0" min="-150" max="-350">
			<attribute key="areaEffect" value="poison"/>
		</attack>
		<attack name="effect" interval="1000" chance="6" radius="5" target="0">
			<attribute key="areaEffect" value="blackspark"/>
		</attack>
		<attack name="fire" interval="1000" chance="34" range="7" radius="7" target="1" min="-310" max="-600">
			<attribute key="shootEffect" value="fire"/>
			<attribute key="areaEffect" value="firearea"/>
		</attack>
		<attack name="firefield" interval="1000" chance="10" range="7" radius="4" target="1">
			<attribute key="shootEffect" value="fire"/>
		</attack>
		<attack name="energy" interval="1000" chance="15" length="8" spread="0" min="-500" max="-850">
			<attribute key="areaEffect" value="energy"/>
		</attack>
	</attacks>
	<defenses armor="90" defense="111">
		<defense name="healing" interval="1000" chance="9" min="1500" max="2500">
			<attribute key="areaEffect" value="blueshimmer"/>
		</defense>
		<defense name="healing" interval="1000" chance="17" min="600" max="1000">
			<attribute key="areaEffect" value="blueshimmer"/>
		</defense>
		<defense name="speed" interval="1000" chance="5" speedchange="1901" duration="7000">
			<attribute key="areaEffect" value="redshimmer"/>
		</defense>
	</defenses>
	<elements>
		<element deathPercent="50"/>
		<element holyPercent="-1"/>
		<element icePercent="-1"/>
	</elements>
	<immunities>
		<immunity fire="1"/>
		<immunity earth="1"/>
		<immunity lifedrain="1"/>
		<immunity paralyze="1"/>
		<immunity invisible="1"/>
	</immunities>
	<summons maxSummons="4">
		<summon name="demon" interval="1000" chance="10" max="4"/>
	</summons>
	<voices interval="5000" chance="10">
		<voice sentence="PRAISED BE MY MASTERS, THE RUTHLESS SEVEN!"/>
		<voice sentence="YOU ARE DOOMED!"/>
		<voice sentence="ORSHABAAL IS BACK!"/>
		<voice sentence="Be prepared for the day my masters will come for you!"/>
		<voice sentence="SOULS FOR ORSHABAAL!"/>
	</voices>
	<loot>
		<item id="6500" chance="100000"/><!-- demonic essence -->
		<item id="2152" countmax="69" chance="100000"/><!-- platinum coin -->
		<item id="6300" chance="50000"/><!-- death ring -->
		<item id="5954" chance="50000"/><!-- demon horn -->
		<item id="2143" countmax="15" chance="33333"/><!-- white pearl -->
		<item id="2462" chance="33333"/><!-- devil helmet -->
		<item id="7590" chance="33333"/><!-- great mana potion -->
		<item id="2214" chance="33333"/><!-- ring of healing -->
		<item id="2146" countmax="8" chance="33333"/><!-- small sapphire -->
		<item id="8473" chance="33333"/><!-- ultimate health potion -->
		<item id="2144" countmax="8" chance="25000"/><!-- black pearl -->
		<item id="2520" chance="25000"/><!-- demon shield -->
		<item id="2393" chance="25000"/><!-- giant sword -->
		<item id="2149" countmax="7" chance="25000"/><!-- small emerald -->
		<item id="2158" chance="20000"/><!-- blue gem -->
		<item id="2125" chance="20000"/><!-- crystal necklace -->
		<item id="7591" chance="20000"/><!-- great health potion -->
		<item id="2178" chance="20000"/><!-- mind stone -->
		<item id="2200" chance="20000"/><!-- protection amulet -->
		<item id="1982" chance="20000"/><!-- purple tome -->
		<item id="2170" chance="20000"/><!-- silver amulet -->
		<item id="2150" countmax="17" chance="20000"/><!-- small amethyst -->
		<item id="2145" countmax="5" chance="20000"/><!-- small diamond -->
		<item id="2174" chance="20000"/><!-- strange symbol -->
		<item id="2151" countmax="3" chance="20000"/><!-- talon -->
		<item id="7368" countmax="42" chance="12500"/><!-- assassin star -->
		<item id="2195" chance="12500"/><!-- boots of haste -->
		<item id="2432" chance="12500"/><!-- fire axe -->
		<item id="2470" chance="12500"/><!-- golden legs -->
		<item id="2033" chance="12500"/><!-- golden mug -->
		<item id="8472" chance="12500"/><!-- great spirit potion -->
		<item id="2177" chance="12500"/><!-- life crystal -->
		<item id="2171" chance="12500"/><!-- platinum amulet -->
		<item id="2377" chance="12500"/><!-- two handed sword -->
		<item id="2434" chance="6666"/><!-- dragon hammer -->
		<item id="9971" chance="6666"/><!-- gold ingot -->
		<item id="2418" chance="6666"/><!-- golden sickle -->
		<item id="2155" chance="6666"/><!-- green gem -->
		<item id="2162" chance="6666"/><!-- magic lightwand -->
		<item id="2472" chance="6666"/><!-- magic plate armor -->
		<item id="2514" chance="6666"/><!-- mastermind shield -->
		<item id="2164" chance="6666"/><!-- might ring -->
		<item id="2176" chance="6666"/><!-- orb -->
		<item id="5808" chance="6666"/><!-- orshabaal's brain -->
		<item id="2402" chance="6666"/><!-- silver dagger -->
	</loot>
</monster>
