<?xml version="1.0" encoding="UTF-8"?>
<monster name="Werewolf" nameDescription="a werewolf" experience="1450" speed="320" race="blood" manacost="0">
	<health now="1955" max="1955"/>
	<strategy attack="100" defense="0"/>
	<targetchange speed="0" chance="8"/>
	<look type="308" corpse="6080"/>
	<flags>
		<flag summonable="0"/>
		<flag attackable="1"/>
		<flag hostile="1"/>
		<flag illusionable="0"/>
		<flag convinceable="0"/>
		<flag pushable="0"/>
		<flag canpushitems="1"/>
		<flag canpushcreatures="1"/>
		<flag targetdistance="1"/>
		<flag staticattack="90"/>
		<flag runonhealth="100"/>
	</flags>
	<attacks>
		<attack name="melee" interval="2000" chance="100" skill="90" attack="70"/>
		<attack name="outfit" interval="1000" chance="9" range="7" monster="werewolf" duration="5000">
			<attribute key="areaeffect" value="blueshimmer"/>
		</attack>
	</attacks>
	<defenses armor="50" defense="55"/>
	<elements>
		<element physicalPercent="5"/>
		<element energyPercent="15"/>
		<element earthPercent="20"/>
		<element firePercent="-10"/>
		<element deathPercent="20"/>
		<element icePercent="-10"/>
		<element holyPercent="-10"/>
	</elements>
	<immunities>
		<immunity paralyze="1"/>
		<immunity invisible="1"/> 
	</immunities>
	<summons maxSummons="6">
		<summon name="war wolf" interval="2500" chance="25"/>
	</summons>
	<voices speed="5000" chance="10">
		<voice sentence="BLOOD!" yell="1"/>
		<voice sentence="HRAAAAAAAAAARRRRRR!" yell="1"/>
	</voices>
	<loot>
		<item id="2148" countmax="90" chance="35000"/><!-- gold coin -->
		<item id="2148" countmax="90" chance="35000"/><!-- gold coin -->
		<item id="2148" countmax="45" chance="35000"/><!-- gold coin -->
		<item id="2381" chance="2700"/><!-- halberd -->
		<item id="2398" chance="19000"/><!-- mace-->
		<item id="2647" chance="6500"/><!-- plate legs -->
		<item id="2510" chance="10000"/><!-- plate shield -->
		<item id="2171" chance="600"/><!-- platinum amulet -->
		<item id="7439" chance="1000"/><!-- berserk potion -->
		<item id="7428" chance="300"/><!-- bonebreaker -->
		<item id="2438" chance="600"/><!-- epee -->
		<item id="7383" chance="420"/><!-- relic sword -->
		<item id="9809" chance="7800"/><!-- rusty armor -->
		<item id="2197" chance="800"/><!-- stone skin amulet -->
		<item id="7588" chance="5500"/><!-- strong health potion -->
		<item id="2169" chance="700"/><!-- time ring -->
		<item id="2805" chance="5000"/><!-- troll green -->
		<item id="5897" chance="5200"/><!-- wolf paw -->
		<item id="8473" chance="2400"/><!-- ultimate health potion -->
		<item id="7419" chance="200"/><!-- dreaded cleaver -->
	</loot>
</monster>
