<?xml version="1.0" encoding="UTF-8"?>
<monster name="Insectoid Scout" nameDescription="an insectoid scout" race="venom" experience="150" speed="190" manacost="0">
<health now="230" max="230"/>
<look type="403" corpse="13514"/>
<targetchange interval="5000" chance="12"/>
<strategy attack="100" defense="0"/>
	<flags>
		<flag summonable="0"/>
		<flag attackable="1"/>
		<flag hostile="1"/>
		<flag illusionable="0"/>
		<flag convinceable="0"/>
		<flag pushable="0"/>
		<flag canpushitems="1"/>
		<flag canpushcreatures="0"/>
		<flag targetdistance="1"/>
		<flag staticattack="90"/>
		<flag runonhealth="0"/>
	</flags>
	<attacks>
		<attack name="melee" interval="2000" skill="30" attack="33"/>
		<attack name="poison" interval="2000" chance="12" range="3" target="1" min="-5" max="-15">
			<attribute key="shootEffect" value="poison"/>
			<attribute key="areaEffect" value="poison"/>
		</attack>
	</attacks>
	<defenses armor="16" defense="19"/>
	<elements>
		<element physicalPercent="80"/>
		<element firePercent="-10"/>
	</elements>
	<immunities>
		<immunity invisible="1"/>
	</immunities>
	<voices interval="5000" chance="10">
		<voice sentence="Chrrr! Chrr!"/>
		<voice sentence="Klk! Klk!"/>
	</voices>
	<loot>
		<item id="2148" countmax="70" chance="100000" /> <!-- gold coin -->
		<item id="3964" chance="1000" /> <!-- ripper lance -->
	</loot>
</monster>