<?xml version="1.0" encoding="UTF-8"?>
<monster name="Feverish Citizen" nameDescription="a feverish citizen" race="blood" experience="30" speed="195" manacost="0">
	<health now="125" max="125"/>
	<look type="425" corpse="6080"/>
	<targetchange interval="2000" chance="0"/>
	<strategy attack="100" defense="0"/>
	<flags>
		<flag summonable="0"/>
		<flag attackable="1"/>
		<flag hostile="1"/>
		<flag illusionable="1"/>
		<flag convinceable="0"/>
		<flag pushable="1"/>
		<flag canpushitems="0"/>
		<flag canpushcreatures="0"/>
		<flag staticattack="90"/>
		<flag targetdistance="1"/>
		<flag runonhealth="0"/>
	</flags>
	<attacks>
		<attack name="melee" interval="2000" skill="25" attack="10"/>
	</attacks>
	<defenses armor="9" defense="18"/>
	<elements>
		<element holyPercent="80"/>
	</elements>
	<voices interval="5000" chance="10">
		<voice sentence="Aaaaargh!"/>
		<voice sentence="I am the king of the world!"/>
		<voice sentence="Die Ferumbras!"/>
		<voice sentence="Tigerblood is running through my veins!"/>
		<voice sentence="You! It's you again!"/>
		<voice sentence="Stand still you tasty morsel!"/>
		<voice sentence="*giggle*"/>
		<voice sentence="Burn heretic! Burn!"/>
		<voice sentence="Harrr!"/>
		<voice sentence="This is Venore!"/>
	</voices>
	<loot>
		<item id="2148" countmax="35" chance="16750"/> <!-- gold coin -->
		<item id="3976" countmax="3" chance="20000"/> <!-- worms -->
		<item id="2230" chance="27500"/> <!-- bone -->
		<item id="13545" chance="9250"/><!-- luminous piece of cloth -->
		<item id="13543" chance="9600"/><!-- obvious piece of cloth -->
		<item id="13541" chance="8650"/><!-- dubious piece of cloth -->
		<item id="13542" chance="6550"/><!-- voluminous piece of cloth -->
		<item id="13540" chance="7650"/><!-- ominous piece of cloth -->
		<item id="13544" chance="8400"/><!-- ludicrous piece of cloth -->
		<item id="13926" chance="1450"/><!-- plague bell -->
		<item id="13925" chance="1250"/><!-- plague mask -->
	</loot>
</monster>
