<?xml version="1.0" encoding="UTF-8"?>
<monster name="Defiler" nameDescription="a defiler" race="venom" experience="3700" speed="260" manacost="0">
	<health now="3650" max="3650"/>
	<look type="238" corpse="6532"/>
	<targetchange interval="5000" chance="8"/>
	<strategy attack="100" defense="0"/>
	<flags>
		<flag summonable="0"/>
		<flag attackable="1"/>
		<flag hostile="1"/>
		<flag illusionable="1"/>
		<flag convinceable="0"/>
		<flag pushable="0"/>
		<flag canpushitems="1"/>
		<flag canpushcreatures="1"/>
		<flag targetdistance="1"/>
		<flag staticattack="90"/>
		<flag runonhealth="0"/>
	</flags>
	<attacks>
		<attack name="melee" interval="2000" skill="50" attack="80"/>
		<attack name="speed" interval="1000" chance="12" radius="6" target="0" speedchange="-400" duration="10000">
			<attribute key="areaEffect" value="poison"/>
		</attack>
		<attack name="physical" interval="2000" chance="17" range="7" min="-250" max="-450">
			<attribute key="shootEffect" value="poison"/>
		</attack>
		</attacks>
	<defenses armor="15" defense="15">
		<defense name="healing" interval="1000" chance="50" min="75" max="225">
			<attribute key="areaEffect" value="blueshimmer"/>
		</defense>
	</defenses>
	<elements>
		<element earthPercent="100"/>
		<element energyPercent="50"/>
		<element icePercent="40"/>
		<element firePercent="-20"/>
	</elements>
	<immunities>
		<immunity paralyze="1"/>
		<immunity invisible="1"/>
	</immunities>
	<voices interval="5000" chance="10">
		<voice sentence="Blubb"/>
	</voices>
	<loot>
		<item id="6500" chance="33000"/><!-- demonic essence -->
		<item id="2148" countmax="95" chance="20000"/><!-- gold coin -->
		<item id="2148" countmax="95" chance="20000"/><!-- gold coin -->
		<item id="2148" countmax="90" chance="20000"/><!-- gold coin -->
		<item id="5944" chance="27800"/><!-- soul orb -->
		<item id="2151" chance="5500"/><!-- talon -->
		<item id="2152" countmax="4" chance="5000"/><!-- platinum coin -->
		<item id="2149" countmax="3" chance="2000"/><!-- small emeralds-->
		<item id="2147" countmax="2" chance="2500"/><!-- small rubies -->
		<item id="2145" chance="3000"/><!-- small diamond -->
		<item id="2463" chance="1000"/><!-- plate armor -->
		<item id="6300" chance="450"/><!-- death ring-->
	</loot>
</monster>
